_id,userid,prizeid,status,receiveoption,createdtm
595687cde4b0d74b13f63917,593bb2cae4b024ae2fe570d9,1498463411679,WAITING,DELIVERY,2017-07-01 00:18:05
59568931e4b0f93e9119cc95,5945552ee4b0db45c711c290,1498483110946,WAITING,DELIVERY,2017-07-01 00:24:01
595683fde4b0cc171ed72e3a,592f8edbe4b0a4ee112c5813,1498462885172,WAITING,DELIVERY,2017-07-01 00:01:49
59569e2ae4b03f87dbd92b60,5950fa79e4b0b130040351bf,1498483110946,WAITING,DELIVERY,2017-07-01 01:53:30
59569d1ee4b0e9517d6bad98,5950fa79e4b0b130040351bf,1498483110946,WAITING,DELIVERY,2017-07-01 01:49:02
5956ddd3e4b0d5a5c805cdae,592f8edbe4b0a4ee112c5813,1498462885172,WAITING,DELIVERY,2017-07-01 06:25:07
5956ecb9e4b0e9517d6baee2,592db0f5e4b0a4ee112b8abf,1498462885172,WAITING,DELIVERY,2017-07-01 07:28:41
59570fe3e4b007e80dc140bd,593fcd11e4b09485024fdf3b,1498447694156,WAITING,DELIVERY,2017-07-01 09:58:43
59571022e4b0f93e9119d0e5,593fcd11e4b09485024fdf3b,1498461455280,WAITING,DELIVERY,2017-07-01 09:59:46
5957290ae4b0d5a5c805d330,594d2e5de4b0db45c712cbc1,1498801602965,WAITING,USERRECV,2017-07-01 11:46:02
59572703e4b0e9517d6bb32e,592e1b3de4b09c162d70ab45,1498801602965,WAITING,USERRECV,2017-07-01 11:37:23
59572362e4b03f87dbd9302f,592db2b9e4b0a4ee112b8b39,1498801602965,WAITING,USERRECV,2017-07-01 11:21:54
595728d3e4b0e9517d6bb397,592e01ade4b0a4ee112b99db,1498801602965,WAITING,USERRECV,2017-07-01 11:45:07
59572b6be4b0d74b13f640f1,592e2f8be4b09c162d70be65,1498837653512,DELIVERED,USERRECV,2017-07-01 11:56:11
5957278ae4b0d5a5c805d2e4,59559529e4b0f93e9119bd4b,1498801602965,WAITING,USERRECV,2017-07-01 11:39:38
59572b36e4b0f93e9119d418,595728b4e4b03f87dbd930f9,1498801602965,WAITING,USERRECV,2017-07-01 11:55:18
59572c15e4b01cb1aa777a19,59571dc8e4b0cc171ed734c0,1498801602965,WAITING,USERRECV,2017-07-01 11:59:01
595726d9e4b0d7f3f9e47871,592e1e6ae4b0a4ee112bad2f,1498837653512,DELIVERED,USERRECV,2017-07-01 11:36:41
59572979e4b0f93e9119d3b4,59550c23e4b0b13004041cb0,1498801602965,WAITING,USERRECV,2017-07-01 11:47:53
59572aa7e4b03f87dbd9313b,59572335e4b0cc171ed73585,1498801602965,WAITING,USERRECV,2017-07-01 11:52:55
59571eb3e4b0e9517d6bb232,592da070e4b09c162d70859a,1498801602965,WAITING,USERRECV,2017-07-01 11:01:55
59572997e4b007e80dc143c5,592e274ce4b0a4ee112bb4d7,1498801602965,WAITING,USERRECV,2017-07-01 11:48:23
59572966e4b03f87dbd93116,592e2f8be4b09c162d70be65,1498637637799,DELIVERED,USERRECV,2017-07-01 11:47:34
59572701e4b0cc171ed73631,59572525e4b0d74b13f64004,1498801602965,WAITING,USERRECV,2017-07-01 11:37:21
595729fde4b0e9517d6bb3c9,595727d4e4b0d5a5c805d2e9,1498801602965,WAITING,USERRECV,2017-07-01 11:50:05
59572466e4b0d7f3f9e47818,592db682e4b0a4ee112b8dca,1498801602965,WAITING,USERRECV,2017-07-01 11:26:14
595726b2e4b03f87dbd93082,5955e3b6e4b0cc171ed72318,1498801602965,WAITING,USERRECV,2017-07-01 11:36:02
5957296fe4b0cc171ed736d6,592da02be4b09c162d708589,1498801602965,WAITING,USERRECV,2017-07-01 11:47:43
595728d3e4b0d74b13f640a1,595727f7e4b0e9517d6bb35b,1498801602965,WAITING,USERRECV,2017-07-01 11:45:07
59572697e4b007e80dc14326,592fa56ee4b0a4ee112c6349,1498801602965,WAITING,USERRECV,2017-07-01 11:35:35
59572923e4b03f87dbd9310e,592e1dc2e4b0a4ee112bacdc,1498801602965,WAITING,USERRECV,2017-07-01 11:46:27
595726bbe4b0d5a5c805d2a0,593953c4e4b0ae0beba7d8ff,1498801602965,WAITING,USERRECV,2017-07-01 11:36:11
595726cfe4b007e80dc1432d,593ce043e4b024ae2fe5a39b,1498801602965,WAITING,USERRECV,2017-07-01 11:36:31
59572c6ae4b01cb1aa777a2e,59572b96e4b007e80dc1444a,1498801602965,WAITING,USERRECV,2017-07-01 12:00:26
595733bee4b0cc171ed738fe,592e0a73e4b0a4ee112b9de2,1498637637799,DELIVERED,USERRECV,2017-07-01 12:31:42
5956898fe4b0cc171ed72eaf,5945552ee4b0db45c711c290,1498483110946,WAITING,DELIVERY,2017-07-01 00:25:35
595689dfe4b0d7f3f9e4717f,5945552ee4b0db45c711c290,1498483110946,WAITING,DELIVERY,2017-07-01 00:26:55
5956895fe4b0cc171ed72ea7,5945552ee4b0db45c711c290,1498483110946,WAITING,DELIVERY,2017-07-01 00:24:47
59569da1e4b0f93e9119ce26,5950fa79e4b0b130040351bf,1498483110946,WAITING,DELIVERY,2017-07-01 01:51:13
59569dc9e4b007e80dc13ddc,5950fa79e4b0b130040351bf,1498483110946,WAITING,DELIVERY,2017-07-01 01:51:53
5956ece5e4b0d5a5c805ce32,592db0f5e4b0a4ee112b8abf,1498447694156,WAITING,DELIVERY,2017-07-01 07:29:25
59572c7ce4b0e9517d6bb449,59572b62e4b0d5a5c805d37e,1498801602965,WAITING,USERRECV,2017-07-01 12:00:44
595732bbe4b0cc171ed738d3,59314e14e4b0a4ee112ce922,1498837653512,DELIVERED,USERRECV,2017-07-01 12:27:23
595733a0e4b0cc171ed738fb,595732c6e4b007e80dc14592,1498801602965,WAITING,USERRECV,2017-07-01 12:31:12
59573552e4b03df509b8ffc4,592f1443e4b0a4ee112c418a,1498638173188,DELIVERED,USERRECV,2017-07-01 12:38:26
59573977e4b03df509b9007b,59573441e4b03df509b8ff85,1498837653512,DELIVERED,USERRECV,2017-07-01 12:56:07
59572a24e4b03df509b8fdfe,592e0048e4b0a4ee112b9913,1498837653512,DELIVERED,USERRECV,2017-07-01 11:50:44
59573e8be4b0cc171ed73b14,5951cd7ce4b0db45c7136431,1498837653512,DELIVERED,USERRECV,2017-07-01 13:17:47
595744f7e4b03df509b90292,59572b4ce4b0cc171ed7373f,1498837653512,DELIVERED,USERRECV,2017-07-01 13:45:11
5957454be4b03f87dbd93652,59574496e4b01cb1aa777ebe,1498837653512,WAITING,USERRECV,2017-07-01 13:46:35
59573ef4e4b01cb1aa777db6,5957324be4b0f93e9119d537,1498837653512,DELIVERED,USERRECV,2017-07-01 13:19:32
59573dd0e4b0d5a5c805d6dc,593fa440e4b09485024fd81d,1498461455280,WAITING,DELIVERY,2017-07-01 13:14:40
5957410ee4b0e9517d6bb841,59573aefe4b0d5a5c805d640,1498837653512,DELIVERED,USERRECV,2017-07-01 13:28:30
595745e8e4b03df509b9029c,592da6e4e4b09c162d708759,1498837653512,DELIVERED,USERRECV,2017-07-01 13:49:12
595730fee4b01cb1aa777b10,592de8c1e4b09c162d7093af,1498837653512,DELIVERED,USERRECV,2017-07-01 12:19:58
595748dae4b01cb1aa777f53,592daf42e4b0a4ee112b8a3e,1498809281151,WAITING,USERRECV,2017-07-01 14:01:46
5957569ae4b0d74b13f64844,59565951e4b0f93e9119c969,1498837653512,DELIVERED,USERRECV,2017-07-01 15:00:26
5957630ce4b0d7f3f9e4827c,594e7bd0e4b0db45c712f53e,1498837653512,DELIVERED,USERRECV,2017-07-01 15:53:32
59575aa1e4b007e80dc14b5c,59573346e4b007e80dc145a1,1498447694156,WAITING,DELIVERY,2017-07-01 15:17:37
595768cce4b03f87dbd93b7f,592e26bfe4b09c162d70b489,1498463838024,WAITING,DELIVERY,2017-07-01 16:18:04
59577014e4b0d7f3f9e484d6,59576801e4b0d74b13f64aa4,1498637637799,DELIVERED,USERRECV,2017-07-01 16:49:08
59571003e4b03f87dbd92e4b,593fcd11e4b09485024fdf3b,1498462885172,WAITING,DELIVERY,2017-07-01 09:59:15
59570fbce4b0d74b13f63db0,593fcd11e4b09485024fdf3b,1498483110946,WAITING,DELIVERY,2017-07-01 09:58:04
5957103de4b0f93e9119d0f2,593fcd11e4b09485024fdf3b,1498463838024,WAITING,DELIVERY,2017-07-01 10:00:13
59572101e4b03df509b8fc91,5934d68be4b0a0f774fcca67,1498801602965,WAITING,USERRECV,2017-07-01 11:11:45
5957291fe4b03df509b8fdc8,592e2f8be4b09c162d70be65,1498801602965,WAITING,USERRECV,2017-07-01 11:46:23
59572af9e4b01cb1aa7779e3,594d2e5de4b0db45c712cbc1,1498637637799,DELIVERED,USERRECV,2017-07-01 11:54:17
59572784e4b0d7f3f9e47896,595722c0e4b0d7f3f9e477d0,1498801602965,WAITING,USERRECV,2017-07-01 11:39:32
5957283ae4b0d74b13f64082,595727dee4b0e9517d6bb34e,1498801602965,WAITING,USERRECV,2017-07-01 11:42:34
59572b93e4b0e9517d6bb41e,595610c1e4b0d74b13f630ba,1498801602965,WAITING,USERRECV,2017-07-01 11:56:51
59572945e4b007e80dc143b3,595728d5e4b0f93e9119d38b,1498801602965,WAITING,USERRECV,2017-07-01 11:47:01
59572ba2e4b0f93e9119d42c,5955c7d8e4b0e9517d6b9e52,1498801602965,WAITING,USERRECV,2017-07-01 11:57:06
595726bce4b0d5a5c805d2a2,59464daee4b0b1300401f347,1498801602965,WAITING,USERRECV,2017-07-01 11:36:12
59572b72e4b0d7f3f9e47958,593542bee4b0a0f774fceb70,1498801602965,WAITING,USERRECV,2017-07-01 11:56:18
595729fde4b0cc171ed736f4,592db682e4b0a4ee112b8dca,1498837653512,DELIVERED,USERRECV,2017-07-01 11:50:05
59572879e4b03f87dbd930e1,595727ffe4b03f87dbd930b5,1498801602965,WAITING,USERRECV,2017-07-01 11:43:37
59572b6be4b0e9517d6bb413,5947fc1ee4b0b13004022c35,1498801602965,WAITING,USERRECV,2017-07-01 11:56:11
595727e8e4b0f93e9119d368,59560a0de4b0e9517d6ba397,1498801602965,WAITING,USERRECV,2017-07-01 11:41:12
59572954e4b0e9517d6bb3b1,59388883e4b0a0f774fddf49,1498801602965,WAITING,USERRECV,2017-07-01 11:47:16
595724b3e4b03f87dbd93050,594a24b2e4b0db45c7125cb7,1498801602965,WAITING,USERRECV,2017-07-01 11:27:31
59572a75e4b0d5a5c805d35b,5957211ce4b0d7f3f9e47783,1498801602965,WAITING,USERRECV,2017-07-01 11:52:05
5957294be4b0f93e9119d3ad,59572879e4b03f87dbd930e3,1498801602965,WAITING,USERRECV,2017-07-01 11:47:07
59572674e4b03df509b8fd27,592e06a4e4b09c162d709c45,1498801602965,WAITING,USERRECV,2017-07-01 11:35:00
595726e7e4b0d5a5c805d2a8,592da6ace4b09c162d70873f,1498801602965,WAITING,USERRECV,2017-07-01 11:36:55
59572a9fe4b0d74b13f640d4,592e01ade4b0a4ee112b99db,1498801602965,WAITING,USERRECV,2017-07-01 11:52:47
59572773e4b0d5a5c805d2ce,592e1b3de4b09c162d70ab45,1498801602965,WAITING,USERRECV,2017-07-01 11:39:15
5957224ce4b03df509b8fcc1,592dbb1ee4b09c162d708eb8,1498837653512,DELIVERED,USERRECV,2017-07-01 11:17:16
59576979e4b0d74b13f64b48,592dd89ee4b09c162d709322,1498637637799,DELIVERED,USERRECV,2017-07-01 16:20:57
59572ebfe4b007e80dc144db,592e06a4e4b09c162d709c45,1498637637799,DELIVERED,USERRECV,2017-07-01 12:10:23
5957730ae4b0d74b13f64c7a,592e06a4e4b09c162d709c45,1498637637799,DELIVERED,USERRECV,2017-07-01 17:01:46
59577e92e4b0d5a5c805df8a,59573c20e4b0d7f3f9e47c98,1498637637799,DELIVERED,USERRECV,2017-07-01 17:50:58
5957397ce4b0e9517d6bb6cd,592e307ae4b0a4ee112bbf50,1498637637799,DELIVERED,USERRECV,2017-07-01 12:56:12
595787c4e4b03df509b90b7e,592e06a4e4b09c162d709c45,1498809602523,WAITING,USERRECV,2017-07-01 18:30:12
595785e1e4b0d74b13f64f3a,592e1c65e4b09c162d70ac5b,1498637637799,DELIVERED,USERRECV,2017-07-01 18:22:09
59578995e4b0d5a5c805e155,59578746e4b0d74b13f64f59,1498637637799,DELIVERED,USERRECV,2017-07-01 18:37:57
59578863e4b01cb1aa778792,592e18a9e4b09c162d70a9af,1498463838024,WAITING,DELIVERY,2017-07-01 18:32:51
59578092e4b0d74b13f64e5e,592da6e4e4b09c162d708759,1498637637799,DELIVERED,USERRECV,2017-07-01 17:59:30
595780fbe4b0d74b13f64e6b,59575213e4b0d5a5c805d9e0,1498637637799,DELIVERED,USERRECV,2017-07-01 18:01:15
5957892ae4b03df509b90ba9,593ccd51e4b06f7fcb9e57dd,1498637637799,DELIVERED,USERRECV,2017-07-01 18:36:10
59578c58e4b0d74b13f64fda,593fa440e4b09485024fd81d,1498461455280,WAITING,DELIVERY,2017-07-01 18:49:44
59578c17e4b0d5a5c805e198,593fa440e4b09485024fd81d,1498483110946,WAITING,DELIVERY,2017-07-01 18:48:39
595789c8e4b0d7f3f9e487ff,593fa440e4b09485024fd81d,1498461455280,WAITING,DELIVERY,2017-07-01 18:38:48
59578f53e4b03df509b90c58,59357b7ae4b0a0f774fcfd9f,1498637637799,DELIVERED,USERRECV,2017-07-01 19:02:27
59579862e4b0d7f3f9e48965,594f9757e4b0b1300403202c,1498483110946,WAITING,DELIVERY,2017-07-01 19:41:06
5957929ee4b0cc171ed74660,59575213e4b0d5a5c805d9e0,1498463411679,WAITING,DELIVERY,2017-07-01 19:16:30
5957294fe4b0e9517d6bb3af,592e1e6ae4b0a4ee112bad2f,1498801602965,WAITING,USERRECV,2017-07-01 11:47:11
59572b31e4b0d5a5c805d379,592db9ace4b0a4ee112b8e63,1498801602965,WAITING,USERRECV,2017-07-01 11:55:13
5957272ee4b03f87dbd93095,592e26bfe4b09c162d70b489,1498801602965,WAITING,USERRECV,2017-07-01 11:38:06
595736f3e4b0d7f3f9e47b96,592e307ae4b0a4ee112bbf50,1498801602965,WAITING,USERRECV,2017-07-01 12:45:23
595737e7e4b0d7f3f9e47bb1,592fff39e4b0a4ee112c8360,1498837653512,DELIVERED,USERRECV,2017-07-01 12:49:27
5957376fe4b01cb1aa777c3f,594e66e5e4b0db45c712f25b,1498461455280,WAITING,DELIVERY,2017-07-01 12:47:27
59572d35e4b0f93e9119d46f,592e0f1ae4b0a4ee112ba158,1498801602965,WAITING,USERRECV,2017-07-01 12:03:49
59572c6ee4b0d7f3f9e4796f,59572b2ae4b03df509b8fe33,1498801602965,WAITING,USERRECV,2017-07-01 12:00:30
595731ace4b0cc171ed738a9,592e2cd1e4b09c162d70bbae,1498801602965,WAITING,USERRECV,2017-07-01 12:22:52
595736a1e4b0d5a5c805d563,5947ecaee4b0b1300402298c,1498801602965,WAITING,USERRECV,2017-07-01 12:44:01
59572d48e4b0d74b13f64159,595239e0e4b0db45c71375f2,1498801602965,WAITING,USERRECV,2017-07-01 12:04:08
59573d93e4b0f93e9119d74d,593fa440e4b09485024fd81d,1498461455280,WAITING,DELIVERY,2017-07-01 13:13:39
59573e42e4b0d7f3f9e47cec,594f4e90e4b0db45c7130476,1498837653512,DELIVERED,USERRECV,2017-07-01 13:16:34
5957476ae4b0d74b13f6461f,59570cfbe4b007e80dc14073,1498837653512,DELIVERED,USERRECV,2017-07-01 13:55:38
5957459be4b0f93e9119d8b0,59574119e4b0f93e9119d7e0,1498837653512,DELIVERED,USERRECV,2017-07-01 13:47:55
59573ebce4b03f87dbd93509,59573a48e4b0d5a5c805d605,1498837653512,DELIVERED,USERRECV,2017-07-01 13:18:36
595744cae4b03df509b9028c,59561a3ee4b0d7f3f9e46a9a,1498837653512,DELIVERED,USERRECV,2017-07-01 13:44:26
595753d9e4b0cc171ed73e38,59565951e4b0f93e9119c969,1498447694156,WAITING,DELIVERY,2017-07-01 14:48:41
59575193e4b0d5a5c805d9d2,59305808e4b0a4ee112ca86d,1498837653512,DELIVERED,USERRECV,2017-07-01 14:38:59
59571e97e4b0e9517d6bb22e,592df68ae4b09c162d709701,1498637637799,DELIVERED,USERRECV,2017-07-01 11:01:27
59576104e4b03df509b90606,594e0b32e4b0b1300402f50d,1498837653512,DELIVERED,USERRECV,2017-07-01 15:44:52
5957605fe4b0d5a5c805db6f,59571b32e4b0e9517d6bb1ad,1498462885172,WAITING,DELIVERY,2017-07-01 15:42:07
595771e6e4b03f87dbd93ce2,592e1c65e4b09c162d70ac5b,1498638173188,DELIVERED,USERRECV,2017-07-01 16:56:54
59576d0be4b03f87dbd93c58,59571e9ae4b0d7f3f9e47735,1498637637799,DELIVERED,USERRECV,2017-07-01 16:36:11
59576a88e4b0e9517d6bbe6d,592eb734e4b09c162d710bd0,1498637637799,DELIVERED,USERRECV,2017-07-01 16:25:28
59576ef8e4b0f93e9119ddeb,5931927fe4b0a4ee112d046a,1498483110946,WAITING,DELIVERY,2017-07-01 16:44:24
5957260ae4b0cc171ed735e9,592dbb1ee4b09c162d708eb8,1498837653512,DELIVERED,USERRECV,2017-07-01 11:33:14
59576a9ae4b0d7f3f9e483ad,592eae97e4b0a4ee112c09e2,1498637637799,DELIVERED,USERRECV,2017-07-01 16:25:46
595777b3e4b0d7f3f9e4857f,593bb2cae4b024ae2fe570d9,1498463411679,WAITING,DELIVERY,2017-07-01 17:21:39
59577542e4b0d5a5c805de9c,595742c5e4b0d7f3f9e47e21,1498637637799,DELIVERED,USERRECV,2017-07-01 17:11:14
59577ed0e4b0cc171ed74397,5934d68be4b0a0f774fcca67,1498637637799,DELIVERED,USERRECV,2017-07-01 17:52:00
59578054e4b03df509b90a38,59533bfde4b0db45c713a01a,1498637637799,DELIVERED,USERRECV,2017-07-01 17:58:28
59578c21e4b007e80dc1522d,592f9662e4b09c162d715ac3,1498483110946,WAITING,DELIVERY,2017-07-01 18:48:49
59578d96e4b0cc171ed745d2,593fa440e4b09485024fd81d,1498461455280,WAITING,DELIVERY,2017-07-01 18:55:02
59578328e4b03f87dbd93f8c,595757fce4b0d74b13f6487f,1498637637799,DELIVERED,USERRECV,2017-07-01 18:10:32
5957816ce4b03f87dbd93f2d,59574a92e4b0d74b13f64690,1498637637799,DELIVERED,USERRECV,2017-07-01 18:03:08
595782bce4b0cc171ed7446e,592da0bae4b0a4ee112b8545,1498637637799,DELIVERED,USERRECV,2017-07-01 18:08:44
59578d5ae4b03f87dbd940ae,593fa440e4b09485024fd81d,1498483110946,WAITING,DELIVERY,2017-07-01 18:54:02
59578bbfe4b0e9517d6bc2e7,593fa440e4b09485024fd81d,1498461455280,WAITING,DELIVERY,2017-07-01 18:47:11
59578374e4b03df509b90ab5,595762b1e4b0f93e9119dc3c,1498637637799,DELIVERED,USERRECV,2017-07-01 18:11:48
59578b9fe4b03f87dbd94068,593fa440e4b09485024fd81d,1498461455280,WAITING,DELIVERY,2017-07-01 18:46:39
59578d22e4b0d5a5c805e1aa,593fa440e4b09485024fd81d,1498483110946,WAITING,DELIVERY,2017-07-01 18:53:06
59579111e4b007e80dc152d2,592f9ae0e4b09c162d715cb2,1498637637799,DELIVERED,USERRECV,2017-07-01 19:09:53
59578c97e4b0cc171ed74584,595418d1e4b0b1300403ecff,1498637637799,DELIVERED,USERRECV,2017-07-01 18:50:47
59578734e4b0d7f3f9e487a6,595377dde4b0b1300403c4fa,1498637637799,DELIVERED,USERRECV,2017-07-01 18:27:48
5957a8d8e4b0e9517d6bc4f7,5945552ee4b0db45c711c290,1498483110946,WAITING,DELIVERY,2017-07-01 20:51:20
5957a8fee4b0d7f3f9e48a6c,5945552ee4b0db45c711c290,1498483110946,WAITING,DELIVERY,2017-07-01 20:51:58
5957a579e4b0d7f3f9e48a27,5945552ee4b0db45c711c290,1498483110946,WAITING,DELIVERY,2017-07-01 20:36:57
5957b067e4b01cb1aa778a32,5945552ee4b0db45c711c290,1498483110946,WAITING,DELIVERY,2017-07-01 21:23:35
5957b0d5e4b007e80dc154a6,594f9757e4b0b1300403202c,1498447694156,WAITING,DELIVERY,2017-07-01 21:25:25
5957b4e9e4b0d5a5c805e3f6,593fec94e4b0db45c710f6e6,1498462885172,WAITING,DELIVERY,2017-07-01 21:42:49
5957b0ebe4b03df509b90e8a,594f9757e4b0b1300403202c,1498463838024,WAITING,DELIVERY,2017-07-01 21:25:47
5957b17be4b0d5a5c805e3dc,592da035e4b0a4ee112b8505,1498637637799,DELIVERED,USERRECV,2017-07-01 21:28:11
5957b929e4b01cb1aa778a91,592ec542e4b09c162d711422,1498463411679,WAITING,DELIVERY,2017-07-01 22:00:57
5957d19ce4b03df509b90fd1,5950a7ace4b0db45c7132c78,1498447694156,WAITING,DELIVERY,2017-07-01 23:45:16
5957d169e4b0d5a5c805e4ef,59560212e4b0cc171ed72519,1498447694156,WAITING,USERRECV,2017-07-01 23:44:25
5957db80e4b0e9517d6bc6ce,5936d932e4b0c2218ce80b0f,1498463838024,WAITING,DELIVERY,2017-07-02 00:27:28
5957e6e7e4b0d74b13f6550a,5957144fe4b0d7f3f9e4760e,1498462885172,WAITING,DELIVERY,2017-07-02 01:16:07
5957f321e4b01cb1aa778c69,59573196e4b0d5a5c805d4aa,1498462885172,WAITING,DELIVERY,2017-07-02 02:08:17
5957fa43e4b03df509b910ed,592e3df1e4b0a4ee112bc86a,1498462885172,WAITING,USERRECV,2017-07-02 02:38:43
595835b9e4b03f87dbd945ee,592eb734e4b09c162d710bd0,1498447694156,WAITING,DELIVERY,2017-07-02 06:52:25
59583d59e4b0cc171ed74b57,5950fa79e4b0b130040351bf,1498483110946,WAITING,DELIVERY,2017-07-02 07:24:57
59584b24e4b0cc171ed74bd8,593fcd11e4b09485024fdf3b,1498463411679,WAITING,DELIVERY,2017-07-02 08:23:48
59584ac4e4b03f87dbd9468b,593fcd11e4b09485024fdf3b,1498463838024,WAITING,DELIVERY,2017-07-02 08:22:12
59579341e4b0e9517d6bc3b1,59560e6ae4b0d7f3f9e469a8,1498637637799,DELIVERED,USERRECV,2017-07-01 19:19:13
5957987fe4b0d74b13f65167,594f9757e4b0b1300403202c,1498463838024,WAITING,DELIVERY,2017-07-01 19:41:35
5957a8c5e4b0e9517d6bc4f2,592f8edbe4b0a4ee112c5813,1498637637799,DELIVERED,USERRECV,2017-07-01 20:51:01
5957a64ce4b0e9517d6bc4d4,5957a278e4b0d7f3f9e489ed,1498461455280,WAITING,USERRECV,2017-07-01 20:40:28
59579ff4e4b0d74b13f651f7,595377dde4b0b1300403c4fa,1498461455280,WAITING,DELIVERY,2017-07-01 20:13:24
5957b47ee4b03f87dbd94368,593fec94e4b0db45c710f6e6,1498461455280,WAITING,DELIVERY,2017-07-01 21:41:02
5957b094e4b01cb1aa778a36,5945552ee4b0db45c711c290,1498483110946,WAITING,DELIVERY,2017-07-01 21:24:20
5957b295e4b01cb1aa778a44,593542bee4b0a0f774fceb70,1498637637799,DELIVERED,USERRECV,2017-07-01 21:32:53
5957b6c1e4b0e9517d6bc59b,59573b0de4b0e9517d6bb733,1498637637799,DELIVERED,USERRECV,2017-07-01 21:50:41
5957b5c0e4b0e9517d6bc591,593fec94e4b0db45c710f6e6,1498483110946,WAITING,DELIVERY,2017-07-01 21:46:24
5957c140e4b03df509b90f3d,593bf69de4b06f7fcb9e36d9,1498447694156,WAITING,DELIVERY,2017-07-01 22:35:28
5957d19ae4b03f87dbd944b1,592eb734e4b09c162d710bd0,1498483110946,WAITING,DELIVERY,2017-07-01 23:45:14
5957d178e4b0d7f3f9e48c28,5950a7ace4b0db45c7132c78,1498447694156,WAITING,DELIVERY,2017-07-01 23:44:40
5957c9d2e4b03f87dbd9446a,593cd57ce4b06f7fcb9e5a7d,1498461455280,WAITING,DELIVERY,2017-07-01 23:12:02
5957df92e4b0f93e9119e573,592e1c19e4b0a4ee112babbf,1498463411679,WAITING,DELIVERY,2017-07-02 00:44:50
5957fd2ce4b0cc171ed74b07,59550930e4b0b13004041b8f,1498447694156,WAITING,DELIVERY,2017-07-02 02:51:08
5957f2f6e4b03df509b910d1,59573196e4b0d5a5c805d4aa,1498462885172,WAITING,DELIVERY,2017-07-02 02:07:34
5957f2a8e4b0d74b13f65558,59573196e4b0d5a5c805d4aa,1498462885172,WAITING,DELIVERY,2017-07-02 02:06:16
59583609e4b0f93e9119e680,592eb734e4b09c162d710bd0,1498483110946,WAITING,DELIVERY,2017-07-02 06:53:45
59585cb7e4b01cb1aa778dbe,592e44f3e4b09c162d70cb92,1498463411679,WAITING,DELIVERY,2017-07-02 09:38:47
59585f70e4b007e80dc1584a,59573346e4b007e80dc145a1,1498447694156,WAITING,DELIVERY,2017-07-02 09:50:24
59585d35e4b0cc171ed74c31,5931787be4b0a4ee112cfab3,1498461455280,WAITING,DELIVERY,2017-07-02 09:40:53
59585d17e4b03f87dbd946e6,592e44f3e4b09c162d70cb92,1498463411679,WAITING,DELIVERY,2017-07-02 09:40:23
5958585be4b0cc171ed74c21,5955d2cce4b03f87dbd91c90,1498483110946,WAITING,DELIVERY,2017-07-02 09:20:11
59587555e4b01cb1aa778e62,593b7dbee4b024ae2fe562a8,1498462885172,WAITING,DELIVERY,2017-07-02 11:23:49
59587523e4b03f87dbd9478c,593b7dbee4b024ae2fe562a8,1498462885172,WAITING,DELIVERY,2017-07-02 11:22:59
59587afbe4b03f87dbd94828,59550e92e4b0db45c7140ab8,1498483110946,WAITING,DELIVERY,2017-07-02 11:47:55
59587629e4b0d74b13f65789,593b7dbee4b024ae2fe562a8,1498447694156,WAITING,DELIVERY,2017-07-02 11:27:21
59587dd2e4b0d7f3f9e49028,5957576ee4b0d5a5c805da98,1498447694156,WAITING,DELIVERY,2017-07-02 12:00:02
595894a3e4b03f87dbd94a0c,592e3a05e4b09c162d70c579,1498463411679,WAITING,DELIVERY,2017-07-02 13:37:23
59588fcde4b0f93e9119ea89,5954d064e4b0db45c713fad8,1498483110946,WAITING,DELIVERY,2017-07-02 13:16:45
59589017e4b0d74b13f659fc,5954d064e4b0db45c713fad8,1498483110946,WAITING,DELIVERY,2017-07-02 13:17:59
595891bee4b0d7f3f9e491bf,592e18a9e4b09c162d70a9af,1498463838024,WAITING,DELIVERY,2017-07-02 13:25:02
59589139e4b03df509b91551,592e18a9e4b09c162d70a9af,1498463411679,WAITING,DELIVERY,2017-07-02 13:22:49
59588f50e4b007e80dc15b45,5953844ee4b0b1300403c817,1498463838024,WAITING,DELIVERY,2017-07-02 13:14:40
595891b5e4b0cc171ed74f31,592e18a9e4b09c162d70a9af,1498483110946,WAITING,DELIVERY,2017-07-02 13:24:53
5958912ce4b0cc171ed74f2b,592e18a9e4b09c162d70a9af,1498463411679,WAITING,DELIVERY,2017-07-02 13:22:36
59583d33e4b007e80dc15752,5950fa79e4b0b130040351bf,1498483110946,WAITING,DELIVERY,2017-07-02 07:24:19
595846eee4b007e80dc1579f,594a24b2e4b0db45c7125cb7,1498447694156,WAITING,USERRECV,2017-07-02 08:05:50
59585c82e4b01cb1aa778dbb,592e44f3e4b09c162d70cb92,1498463411679,WAITING,DELIVERY,2017-07-02 09:37:54
59585d77e4b0d5a5c805e71e,5931787be4b0a4ee112cfab3,1498483110946,WAITING,DELIVERY,2017-07-02 09:41:59
59585ce1e4b0e9517d6bc912,592e44f3e4b09c162d70cb92,1498463411679,WAITING,DELIVERY,2017-07-02 09:39:29
59585d88e4b0f93e9119e76f,5931787be4b0a4ee112cfab3,1498461455280,WAITING,DELIVERY,2017-07-02 09:42:16
59585d00e4b0d74b13f656e1,592e44f3e4b09c162d70cb92,1498463411679,WAITING,DELIVERY,2017-07-02 09:40:00
595875afe4b0d7f3f9e48f3d,593b7dbee4b024ae2fe562a8,1498462885172,WAITING,DELIVERY,2017-07-02 11:25:19
59587655e4b0d74b13f6578c,593b7dbee4b024ae2fe562a8,1498462885172,WAITING,DELIVERY,2017-07-02 11:28:05
59587699e4b0e9517d6bc9ce,593b7dbee4b024ae2fe562a8,1498462885172,WAITING,DELIVERY,2017-07-02 11:29:13
59587844e4b03f87dbd947b2,5931927fe4b0a4ee112d046a,1498463838024,WAITING,DELIVERY,2017-07-02 11:36:20
59588ac5e4b03f87dbd94958,593cf0c5e4b024ae2fe5a84d,1498462885172,WAITING,DELIVERY,2017-07-02 12:55:17
59588d15e4b0d7f3f9e49163,5953844ee4b0b1300403c817,1498463838024,WAITING,DELIVERY,2017-07-02 13:05:09
5958914ae4b03f87dbd949d9,592e18a9e4b09c162d70a9af,1498463411679,WAITING,DELIVERY,2017-07-02 13:23:06
59589994e4b0d7f3f9e4920d,595499c8e4b0db45c713eb92,1498483110946,WAITING,DELIVERY,2017-07-02 13:58:28
59589123e4b03f87dbd949d6,592e18a9e4b09c162d70a9af,1498463411679,WAITING,DELIVERY,2017-07-02 13:22:27
59589166e4b01cb1aa7790b3,592e18a9e4b09c162d70a9af,1498463411679,WAITING,DELIVERY,2017-07-02 13:23:34
59589143e4b01cb1aa7790ad,592e18a9e4b09c162d70a9af,1498463411679,WAITING,DELIVERY,2017-07-02 13:22:59
595891c5e4b0d7f3f9e491c1,592e18a9e4b09c162d70a9af,1498463838024,WAITING,DELIVERY,2017-07-02 13:25:09
595891a7e4b01cb1aa7790b6,592e18a9e4b09c162d70a9af,1498483110946,WAITING,DELIVERY,2017-07-02 13:24:39
5958ae21e4b0f93e9119eb86,59562a39e4b03f87dbd923c7,1498461455280,WAITING,DELIVERY,2017-07-02 15:26:09
5958b7f6e4b0cc171ed75077,5953844ee4b0b1300403c817,1498463838024,WAITING,DELIVERY,2017-07-02 16:08:06
5958b843e4b0d5a5c805eb6c,5953844ee4b0b1300403c817,1498463838024,WAITING,DELIVERY,2017-07-02 16:09:23
5958ddace4b0cc171ed75309,592eb734e4b09c162d710bd0,1498483110946,WAITING,DELIVERY,2017-07-02 18:49:00
5958deb2e4b0cc171ed75325,592eb734e4b09c162d710bd0,1498483110946,WAITING,DELIVERY,2017-07-02 18:53:22
59590998e4b03f87dbd95094,5931927fe4b0a4ee112d046a,1498483110946,WAITING,DELIVERY,2017-07-02 21:56:24
59590edbe4b0cc171ed75575,594fb703e4b0b13004032350,1498447694156,WAITING,DELIVERY,2017-07-02 22:18:51
59591ef6e4b0cc171ed75685,5957144fe4b0d7f3f9e4760e,1498462885172,WAITING,DELIVERY,2017-07-02 23:27:34
595921e3e4b0cc171ed756d5,592e26bfe4b09c162d70b489,1498462885172,WAITING,DELIVERY,2017-07-02 23:40:03
595926c6e4b03f87dbd952e0,59319a73e4b09c162d7202a6,1498483110946,WAITING,USERRECV,2017-07-03 00:00:54
595926c1e4b0d7f3f9e49a88,59319a73e4b09c162d7202a6,1498483110946,WAITING,USERRECV,2017-07-03 00:00:49
59593df3e4b0cc171ed7583e,59573196e4b0d5a5c805d4aa,1498462885172,WAITING,DELIVERY,2017-07-03 01:39:47
59593dabe4b03df509b91eaf,59573196e4b0d5a5c805d4aa,1498462885172,WAITING,DELIVERY,2017-07-03 01:38:35
59594685e4b0d7f3f9e49ba0,59594038e4b03df509b91ed2,1498447694156,WAITING,DELIVERY,2017-07-03 02:16:21
595975a7e4b03df509b92088,592f9662e4b09c162d715ac3,1498483110946,WAITING,DELIVERY,2017-07-03 05:37:27
595975d1e4b03df509b92092,592f9662e4b09c162d715ac3,1498483110946,WAITING,DELIVERY,2017-07-03 05:38:09
59589885e4b007e80dc15b9a,59575492e4b03df509b904a0,1498447694156,WAITING,DELIVERY,2017-07-02 13:53:57
595894d0e4b0d74b13f65a33,592e3a05e4b09c162d70c579,1498463411679,WAITING,DELIVERY,2017-07-02 13:38:08
595899cfe4b0d7f3f9e4920f,595499c8e4b0db45c713eb92,1498463411679,WAITING,DELIVERY,2017-07-02 13:59:27
5958ae4ae4b0d74b13f65b14,59562a39e4b03f87dbd923c7,1498461455280,WAITING,DELIVERY,2017-07-02 15:26:50
5958ae03e4b0e9517d6bcd2e,59562a39e4b03f87dbd923c7,1498461455280,WAITING,DELIVERY,2017-07-02 15:25:39
5958b810e4b0f93e9119ebe6,5953844ee4b0b1300403c817,1498463838024,WAITING,DELIVERY,2017-07-02 16:08:32
5958de77e4b0d7f3f9e49624,592eb734e4b09c162d710bd0,1498483110946,WAITING,DELIVERY,2017-07-02 18:52:23
5958e15be4b03df509b91995,592eb734e4b09c162d710bd0,1498483110946,WAITING,DELIVERY,2017-07-02 19:04:43
595915a1e4b03df509b91c9f,592e1b3de4b09c162d70ab45,1498462885172,WAITING,DELIVERY,2017-07-02 22:47:45
5959268ee4b0d7f3f9e49a83,59319a73e4b09c162d7202a6,1498483110946,WAITING,USERRECV,2017-07-02 23:59:58
59591ec3e4b03df509b91cf2,5957144fe4b0d7f3f9e4760e,1498483110946,WAITING,DELIVERY,2017-07-02 23:26:43
595926bce4b03df509b91df4,59319a73e4b09c162d7202a6,1498483110946,WAITING,USERRECV,2017-07-03 00:00:44
595926b7e4b0cc171ed757a0,59319a73e4b09c162d7202a6,1498483110946,WAITING,USERRECV,2017-07-03 00:00:39
59593dd1e4b03df509b91eb1,59573196e4b0d5a5c805d4aa,1498462885172,WAITING,DELIVERY,2017-07-03 01:39:13
595945a4e4b0d7f3f9e49b83,59594038e4b03df509b91ed2,1498447694156,WAITING,DELIVERY,2017-07-03 02:12:36
5959530fe4b03df509b91fd9,59594464e4b0cc171ed7587a,1498463838024,WAITING,DELIVERY,2017-07-03 03:09:51
595975b8e4b03df509b9208c,592f9662e4b09c162d715ac3,1498483110946,WAITING,DELIVERY,2017-07-03 05:37:44
5959759ee4b03df509b92086,592f9662e4b09c162d715ac3,1498463838024,WAITING,DELIVERY,2017-07-03 05:37:18
595980f8e4b0cc171ed75a53,592f9662e4b09c162d715ac3,1498463838024,WAITING,DELIVERY,2017-07-03 06:25:44
5959814ae4b0d7f3f9e49d33,592f9662e4b09c162d715ac3,1498483110946,WAITING,DELIVERY,2017-07-03 06:27:06
5959816fe4b0d7f3f9e49d3d,592f9662e4b09c162d715ac3,1498483110946,WAITING,DELIVERY,2017-07-03 06:27:43
59598177e4b0d7f3f9e49d3f,592f9662e4b09c162d715ac3,1498483110946,WAITING,DELIVERY,2017-07-03 06:27:51
5959815fe4b0d7f3f9e49d39,592f9662e4b09c162d715ac3,1498483110946,WAITING,DELIVERY,2017-07-03 06:27:27
595689a7e4b007e80dc13c44,5945552ee4b0db45c711c290,1498483110946,WAITING,DELIVERY,2017-07-01 00:25:59
595689c4e4b0d74b13f6393f,5945552ee4b0db45c711c290,1498483110946,WAITING,DELIVERY,2017-07-01 00:26:28
59569d77e4b0e9517d6bad9a,5950fa79e4b0b130040351bf,1498483110946,WAITING,DELIVERY,2017-07-01 01:50:31
59569d4fe4b0d5a5c805cce9,5950fa79e4b0b130040351bf,1498483110946,WAITING,DELIVERY,2017-07-01 01:49:51
59569fc1e4b0e9517d6badb8,592df906e4b09c162d709790,1498463411679,WAITING,DELIVERY,2017-07-01 02:00:17
5956ed01e4b0e9517d6baee4,592db0f5e4b0a4ee112b8abf,1498447694156,WAITING,DELIVERY,2017-07-01 07:29:53
59570fb6e4b03df509b8fa9a,593fcd11e4b09485024fdf3b,1498483110946,WAITING,DELIVERY,2017-07-01 09:57:58
59570782e4b007e80dc1401e,592de7d4e4b09c162d70939f,1498462885172,WAITING,DELIVERY,2017-07-01 09:22:58
59571892e4b007e80dc14186,5955d2cce4b03f87dbd91c90,1498483110946,WAITING,DELIVERY,2017-07-01 10:35:46
595728f2e4b0d74b13f640a5,5957282ae4b0d7f3f9e478be,1498801602965,WAITING,USERRECV,2017-07-01 11:45:38
59572a65e4b0d7f3f9e47923,59572607e4b0d7f3f9e4783e,1498801602965,WAITING,USERRECV,2017-07-01 11:51:49
5957291fe4b0cc171ed736c6,593b7c85e4b024ae2fe56272,1498801602965,WAITING,USERRECV,2017-07-01 11:46:23
59572793e4b03f87dbd930a4,594f4d43e4b0db45c713043d,1498801602965,WAITING,USERRECV,2017-07-01 11:39:47
59572b24e4b03f87dbd93147,59572abee4b0cc171ed73714,1498801602965,WAITING,USERRECV,2017-07-01 11:55:00
5957299de4b03df509b8fddc,592fc7abe4b0a4ee112c6f8c,1498801602965,WAITING,USERRECV,2017-07-01 11:48:29
59572c24e4b0d5a5c805d3b6,5931499fe4b09c162d71e3a6,1498801602965,WAITING,USERRECV,2017-07-01 11:59:16
595729eee4b03f87dbd93126,5957255de4b01cb1aa77790c,1498801602965,WAITING,USERRECV,2017-07-01 11:49:50
59572c01e4b0d74b13f6410c,59572171e4b03df509b8fc9d,1498801602965,WAITING,USERRECV,2017-07-01 11:58:41
595726afe4b007e80dc1432a,5951cd7ce4b0db45c7136431,1498801602965,WAITING,USERRECV,2017-07-01 11:35:59
59572745e4b0d5a5c805d2c6,595726ebe4b0cc171ed73627,1498801602965,WAITING,USERRECV,2017-07-01 11:38:29
59572944e4b0d74b13f640ab,59572805e4b03df509b8fd92,1498801602965,WAITING,USERRECV,2017-07-01 11:47:00
595727dfe4b007e80dc1435d,5957226ae4b0cc171ed73577,1498801602965,WAITING,USERRECV,2017-07-01 11:41:03
595726a1e4b01cb1aa777938,5950fa79e4b0b130040351bf,1498801602965,WAITING,USERRECV,2017-07-01 11:35:45
59572852e4b0e9517d6bb37d,592f9662e4b09c162d715ac3,1498837653512,DELIVERED,USERRECV,2017-07-01 11:42:58
59568e36e4b03f87dbd92a8e,59531ebbe4b0db45c71398ab,1498483110946,WAITING,DELIVERY,2017-07-01 00:45:26
59568977e4b0d5a5c805cb7e,5945552ee4b0db45c711c290,1498483110946,WAITING,DELIVERY,2017-07-01 00:25:11
59569df5e4b0cc171ed73029,5950fa79e4b0b130040351bf,1498483110946,WAITING,DELIVERY,2017-07-01 01:52:37
59569fa4e4b01cb1aa777439,59496fece4b0db45c7124cd7,1498447694156,WAITING,DELIVERY,2017-07-01 01:59:48
5956ec60e4b03f87dbd92cc2,592db0f5e4b0a4ee112b8abf,1498447694156,WAITING,DELIVERY,2017-07-01 07:27:12
5956ed20e4b007e80dc13f32,592db0f5e4b0a4ee112b8abf,1498447694156,WAITING,DELIVERY,2017-07-01 07:30:24
59572792e4b03f87dbd930a2,594fbad1e4b0b1300403240d,1498801602965,WAITING,USERRECV,2017-07-01 11:39:46
59572af8e4b03df509b8fe22,592e744de4b0a4ee112be95d,1498801602965,WAITING,USERRECV,2017-07-01 11:54:16
59572c1fe4b01cb1aa777a1d,5942aaace4b0db45c7116fcb,1498801602965,WAITING,USERRECV,2017-07-01 11:59:11
5957277fe4b0d74b13f6405d,59559529e4b0f93e9119bd4b,1498801602965,WAITING,USERRECV,2017-07-01 11:39:27
59571f1fe4b0e9517d6bb249,592db1fce4b09c162d708a95,1498801602965,WAITING,USERRECV,2017-07-01 11:03:43
595728f8e4b0cc171ed736b8,595663b4e4b0d74b13f63629,1498801602965,WAITING,USERRECV,2017-07-01 11:45:44
59572776e4b0e9517d6bb33a,59572610e4b0d7f3f9e47847,1498801602965,WAITING,USERRECV,2017-07-01 11:39:18
59572c3fe4b03df509b8fe5f,5956effde4b0cc171ed731a0,1498801602965,WAITING,USERRECV,2017-07-01 11:59:43
59571e64e4b0d5a5c805d17f,592da035e4b0a4ee112b8505,1498801602965,WAITING,USERRECV,2017-07-01 11:00:36
5957357ce4b03df509b8ffc9,5957255de4b01cb1aa77790c,1498837653512,DELIVERED,USERRECV,2017-07-01 12:39:08
5957386ae4b0e9517d6bb691,592e0048e4b0a4ee112b9913,1498837653512,DELIVERED,USERRECV,2017-07-01 12:51:38
59573568e4b03f87dbd93349,595727ffe4b03f87dbd930b5,1498801602965,WAITING,USERRECV,2017-07-01 12:38:48
595736a9e4b0d5a5c805d565,592da6e4e4b09c162d708759,1498808862213,WAITING,USERRECV,2017-07-01 12:44:09
59573a41e4b01cb1aa777ccf,594fc4fbe4b0b13004032644,1498837653512,DELIVERED,USERRECV,2017-07-01 12:59:29
595733f9e4b0d74b13f64265,592ec542e4b09c162d711422,1498801602965,WAITING,USERRECV,2017-07-01 12:32:41
59572c5ce4b03df509b8fe68,593ce043e4b024ae2fe5a39b,1498808862213,WAITING,USERRECV,2017-07-01 12:00:12
595735dae4b03f87dbd93374,59568952e4b03df509b8f646,1498447694156,WAITING,DELIVERY,2017-07-01 12:40:42
59574352e4b03f87dbd935f5,5957418ae4b0e9517d6bb857,1498837653512,DELIVERED,USERRECV,2017-07-01 13:38:10
59573cdde4b007e80dc1472d,595509f1e4b0db45c71408ff,1498637637799,DELIVERED,USERRECV,2017-07-01 13:10:37
5957425fe4b0d5a5c805d7a1,592db1fce4b09c162d708a95,1498637637799,DELIVERED,USERRECV,2017-07-01 13:34:07
59573b4ae4b007e80dc146e7,59573346e4b007e80dc145a1,1498447694156,WAITING,DELIVERY,2017-07-01 13:03:54
595744d6e4b0f93e9119d89b,59566094e4b0d74b13f635f7,1498837653512,DELIVERED,USERRECV,2017-07-01 13:44:38
5957472fe4b0d5a5c805d86e,59573aeee4b0d7f3f9e47c4c,1498837653512,DELIVERED,USERRECV,2017-07-01 13:54:39
5957546be4b0d5a5c805da4c,5950aa82e4b0db45c7132cf2,1498837653512,DELIVERED,USERRECV,2017-07-01 14:51:07
59570f4ee4b0d7f3f9e47579,592e3df1e4b0a4ee112bc86a,1498462885172,WAITING,USERRECV,2017-07-01 09:56:14
59570f96e4b03f87dbd92e3f,593fcd11e4b09485024fdf3b,1498463411679,WAITING,DELIVERY,2017-07-01 09:57:26
59572a43e4b007e80dc143d9,5936c9abe4b0c2218ce7fd53,1498801602965,WAITING,USERRECV,2017-07-01 11:51:15
5957228de4b007e80dc142b1,59550e92e4b0db45c7140ab8,1498483110946,WAITING,DELIVERY,2017-07-01 11:18:21
59572a74e4b0cc171ed73706,592da122e4b09c162d708602,1498837653512,DELIVERED,USERRECV,2017-07-01 11:52:04
5957247be4b0d7f3f9e47819,59571ea9e4b0d5a5c805d187,1498801602965,WAITING,USERRECV,2017-07-01 11:26:35
59572769e4b0d74b13f6405a,592daf42e4b0a4ee112b8a3e,1498801602965,WAITING,USERRECV,2017-07-01 11:39:05
59572a3ce4b0f93e9119d3de,5942904ae4b0db45c71169eb,1498801602965,WAITING,USERRECV,2017-07-01 11:51:08
595727f4e4b0f93e9119d370,594e55b7e4b0db45c712f02b,1498801602965,WAITING,USERRECV,2017-07-01 11:41:24
59571eb8e4b0e9517d6bb235,592da691e4b0a4ee112b86bb,1498801602965,WAITING,USERRECV,2017-07-01 11:02:00
59572ab5e4b0f93e9119d3f4,5957294ae4b0cc171ed736cc,1498801602965,WAITING,USERRECV,2017-07-01 11:53:09
59572b5fe4b0f93e9119d420,5940221de4b0db45c7110518,1498801602965,WAITING,USERRECV,2017-07-01 11:55:59
595726eee4b0d5a5c805d2a9,592dc7d9e4b0a4ee112b91c8,1498801602965,WAITING,USERRECV,2017-07-01 11:37:02
595727cbe4b01cb1aa777967,5956ffd9e4b0d74b13f63cc3,1498801602965,WAITING,USERRECV,2017-07-01 11:40:43
595727bfe4b0d7f3f9e478a1,592e0a73e4b0a4ee112b9de2,1498837653512,DELIVERED,USERRECV,2017-07-01 11:40:31
59572a3ce4b0f93e9119d3dc,5931f039e4b0a4ee112d14b7,1498801602965,WAITING,USERRECV,2017-07-01 11:51:08
59572bf3e4b0cc171ed73771,592da0bae4b0a4ee112b8545,1498801602965,WAITING,USERRECV,2017-07-01 11:58:27
59572c41e4b0f93e9119d44e,595728f9e4b0f93e9119d39c,1498801602965,WAITING,USERRECV,2017-07-01 11:59:45
5957269ce4b0e9517d6bb321,593fec94e4b0db45c710f6e6,1498801602965,WAITING,USERRECV,2017-07-01 11:35:40
59571f8ee4b0f93e9119d275,593a415de4b024ae2fe5263d,1498801602965,WAITING,USERRECV,2017-07-01 11:05:34
59572b9de4b0f93e9119d424,59565e61e4b0cc171ed72b20,1498801602965,WAITING,USERRECV,2017-07-01 11:57:01
59572836e4b007e80dc14385,592f9662e4b09c162d715ac3,1498801602965,WAITING,USERRECV,2017-07-01 11:42:30
595728dde4b0cc171ed736a7,595727f6e4b007e80dc14362,1498801602965,WAITING,USERRECV,2017-07-01 11:45:17
59572c33e4b0d5a5c805d3bd,59572b2ae4b03df509b8fe33,1498801602965,WAITING,USERRECV,2017-07-01 11:59:31
59572ba8e4b0d7f3f9e4795f,59572a74e4b03df509b8fe09,1498801602965,WAITING,USERRECV,2017-07-01 11:57:12
595752b7e4b03df509b90470,59311100e4b0a4ee112cd35f,1498837653512,DELIVERED,USERRECV,2017-07-01 14:43:51
59575325e4b007e80dc14ab2,5955c7c2e4b0f93e9119bf70,1498637637799,WAITING,USERRECV,2017-07-01 14:45:41
595761ffe4b0d7f3f9e48253,59574010e4b0d74b13f644bc,1498837653512,DELIVERED,USERRECV,2017-07-01 15:49:03
59575ac0e4b03df509b90577,59574544e4b03f87dbd93649,1498837653512,DELIVERED,USERRECV,2017-07-01 15:18:08
59576ee3e4b0e9517d6bbf0e,5931927fe4b0a4ee112d046a,1498483110946,WAITING,DELIVERY,2017-07-01 16:44:03
59576a6de4b0d74b13f64b69,59388883e4b0a0f774fddf49,1498637637799,DELIVERED,USERRECV,2017-07-01 16:25:01
59576ab3e4b0e9517d6bbe75,592ff812e4b09c162d717db5,1498637637799,DELIVERED,USERRECV,2017-07-01 16:26:11
59576fa6e4b007e80dc14e2a,595767dee4b01cb1aa7782f0,1498637637799,DELIVERED,USERRECV,2017-07-01 16:47:18
59576961e4b0cc171ed74129,59576379e4b0e9517d6bbd06,1498462885172,WAITING,DELIVERY,2017-07-01 16:20:33
59577c57e4b0cc171ed74331,593174f2e4b09c162d71f424,1498637637799,DELIVERED,USERRECV,2017-07-01 17:41:27
59577329e4b0cc171ed7424e,59438762e4b0db45c7118987,1498447694156,WAITING,DELIVERY,2017-07-01 17:02:17
59577e73e4b03df509b90952,59573c1fe4b01cb1aa777d2d,1498637637799,DELIVERED,USERRECV,2017-07-01 17:50:27
59572584e4b03df509b8fd13,59571716e4b0d5a5c805d078,1498837653512,DELIVERED,USERRECV,2017-07-01 11:31:00
59578c78e4b03df509b90be7,593fa440e4b09485024fd81d,1498461455280,WAITING,DELIVERY,2017-07-01 18:50:16
5957812de4b03df509b90a59,592fcf56e4b0a4ee112c72e8,1498637637799,DELIVERED,USERRECV,2017-07-01 18:02:05
595784eae4b03f87dbd93fc0,592da02be4b09c162d708589,1498637637799,DELIVERED,USERRECV,2017-07-01 18:18:02
59578beae4b0cc171ed7457d,593fa440e4b09485024fd81d,1498483110946,WAITING,DELIVERY,2017-07-01 18:47:54
5957821ee4b0d74b13f64e99,59571923e4b0d5a5c805d0db,1498637637799,DELIVERED,USERRECV,2017-07-01 18:06:06
59578b4be4b0d7f3f9e48845,593fa440e4b09485024fd81d,1498483110946,WAITING,DELIVERY,2017-07-01 18:45:15
59578bcde4b0e9517d6bc2e9,592f9662e4b09c162d715ac3,1498463838024,WAITING,DELIVERY,2017-07-01 18:47:25
59571e67e4b0d5a5c805d180,595114fce4b0db45c71345f3,1498447694156,WAITING,DELIVERY,2017-07-01 11:00:39
59572a69e4b0cc171ed73703,59571c31e4b01cb1aa7777f0,1498801602965,WAITING,USERRECV,2017-07-01 11:51:53
59572cd0e4b0e9517d6bb453,592e26bfe4b09c162d70b489,1498808862213,WAITING,USERRECV,2017-07-01 12:02:08
59572f54e4b0cc171ed7381a,595727f6e4b007e80dc14362,1498837653512,DELIVERED,USERRECV,2017-07-01 12:12:52
59572e58e4b0f93e9119d4a2,59572610e4b0d7f3f9e47847,1498837653512,DELIVERED,USERRECV,2017-07-01 12:08:40
5957384de4b0d5a5c805d5aa,592e18a9e4b09c162d70a9af,1498837653512,DELIVERED,USERRECV,2017-07-01 12:51:09
59572d38e4b0d5a5c805d3ee,59571812e4b0e9517d6bb122,1498801602965,WAITING,USERRECV,2017-07-01 12:03:52
59572c94e4b007e80dc14473,59572986e4b01cb1aa7779a9,1498801602965,WAITING,USERRECV,2017-07-01 12:01:08
59572ca6e4b007e80dc14477,59572b4ce4b0cc171ed7373f,1498801602965,WAITING,USERRECV,2017-07-01 12:01:26
59572ccae4b0d7f3f9e47982,5954dc7de4b0b13004040fac,1498801602965,WAITING,USERRECV,2017-07-01 12:02:02
59573ef2e4b0cc171ed73b1c,59560212e4b0cc171ed72519,1498837653512,DELIVERED,USERRECV,2017-07-01 13:19:30
59573eb0e4b0d74b13f6448f,59573b31e4b01cb1aa777cf8,1498837653512,DELIVERED,USERRECV,2017-07-01 13:18:24
595743f5e4b0f93e9119d873,595740dee4b0d74b13f644e4,1498837653512,DELIVERED,USERRECV,2017-07-01 13:40:53
59574064e4b007e80dc147bf,595683a7e4b0e9517d6babb6,1498837653512,DELIVERED,USERRECV,2017-07-01 13:25:40
59573f32e4b0f93e9119d7a3,595602f0e4b0d74b13f62f76,1498837653512,DELIVERED,USERRECV,2017-07-01 13:20:34
595745f2e4b0d74b13f645ed,595744a3e4b01cb1aa777ec7,1498837653512,DELIVERED,USERRECV,2017-07-01 13:49:22
59573ef6e4b0d5a5c805d711,5950fa79e4b0b130040351bf,1498837653512,DELIVERED,USERRECV,2017-07-01 13:19:34
59575480e4b0e9517d6bbb0a,59560212e4b0cc171ed72519,1498483110946,WAITING,USERRECV,2017-07-01 14:51:28
59574cdbe4b0d5a5c805d90b,593174f2e4b09c162d71f424,1498483110946,WAITING,DELIVERY,2017-07-01 14:18:51
595762c2e4b03df509b9065b,593fa440e4b09485024fd81d,1498461455280,WAITING,DELIVERY,2017-07-01 15:52:18
5957618ae4b0f93e9119dbef,595676a0e4b01cb1aa77713a,1498837653512,DELIVERED,USERRECV,2017-07-01 15:47:06
59575f36e4b0d7f3f9e481f3,592e0832e4b0a4ee112b9ccc,1498638173188,DELIVERED,USERRECV,2017-07-01 15:37:10
59576d7ce4b0d7f3f9e48470,5931f039e4b0a4ee112d14b7,1498637637799,DELIVERED,USERRECV,2017-07-01 16:38:04
59578c9ce4b0d7f3f9e48862,593fa440e4b09485024fd81d,1498483110946,WAITING,DELIVERY,2017-07-01 18:50:52
59578337e4b0d74b13f64ed0,59573a08e4b0cc171ed73a20,1498637637799,DELIVERED,USERRECV,2017-07-01 18:10:47
5957889ae4b007e80dc151d7,592e44f9e4b0a4ee112bcc68,1498638173188,DELIVERED,USERRECV,2017-07-01 18:33:46
59578c51e4b0d7f3f9e48856,59561e31e4b0f93e9119c644,1498637637799,DELIVERED,USERRECV,2017-07-01 18:49:37
5957951ce4b0e9517d6bc3cb,59573346e4b007e80dc145a1,1498637637799,DELIVERED,USERRECV,2017-07-01 19:27:08
59579cb3e4b007e80dc15383,593cd695e4b06f7fcb9e5b02,1498637637799,DELIVERED,USERRECV,2017-07-01 19:59:31
59579956e4b03f87dbd941ee,594f9757e4b0b1300403202c,1498461455280,WAITING,DELIVERY,2017-07-01 19:45:10
59579e5fe4b0d5a5c805e2d7,5953a58ee4b0db45c713bb17,1498637637799,DELIVERED,USERRECV,2017-07-01 20:06:39
5957a8e2e4b0e9517d6bc4fc,5945552ee4b0db45c711c290,1498483110946,WAITING,DELIVERY,2017-07-01 20:51:30
5957b081e4b01cb1aa778a34,5945552ee4b0db45c711c290,1498483110946,WAITING,DELIVERY,2017-07-01 21:24:01
5957ab2de4b0d7f3f9e48a86,594f45c3e4b0db45c7130337,1498637637799,DELIVERED,USERRECV,2017-07-01 21:01:17
59598141e4b03df509b920c2,592f9662e4b09c162d715ac3,1498483110946,WAITING,DELIVERY,2017-07-03 06:26:57
59598eafe4b0cc171ed75b07,59319a73e4b09c162d7202a6,1498483110946,WAITING,USERRECV,2017-07-03 07:24:15
59598e3ee4b0d7f3f9e49e05,59319a73e4b09c162d7202a6,1498483110946,WAITING,USERRECV,2017-07-03 07:22:22
59598e84e4b03f87dbd95641,59319a73e4b09c162d7202a6,1498483110946,WAITING,USERRECV,2017-07-03 07:23:32
59599c65e4b03f87dbd956b5,593fa440e4b09485024fd81d,1498483110946,WAITING,DELIVERY,2017-07-03 08:22:45
59599c47e4b03f87dbd956b3,593fa440e4b09485024fd81d,1498461455280,WAITING,DELIVERY,2017-07-03 08:22:15
5959b212e4b0cc171ed75cae,593fa440e4b09485024fd81d,1498483110946,WAITING,DELIVERY,2017-07-03 09:55:14
5959bba5e4b03f87dbd95926,593fcd11e4b09485024fdf3b,1498483110946,WAITING,DELIVERY,2017-07-03 10:36:05
5959c281e4b0cc171ed75e98,59575492e4b03df509b904a0,1498483110946,WAITING,DELIVERY,2017-07-03 11:05:21
5959d038e4b0d7f3f9e4a2a3,5953a848e4b0db45c713bbbf,1498463411679,WAITING,DELIVERY,2017-07-03 12:03:52
5959d058e4b03df509b92643,5953a848e4b0db45c713bbbf,1498463411679,WAITING,DELIVERY,2017-07-03 12:04:24
5959d4c4e4b03df509b92770,5950a7ace4b0db45c7132c78,1498447694156,WAITING,DELIVERY,2017-07-03 12:23:16
5959d363e4b0d7f3f9e4a33c,593fcd11e4b09485024fdf3b,1498461455280,WAITING,DELIVERY,2017-07-03 12:17:23
5959dbf9e4b0cc171ed76288,593fa440e4b09485024fd81d,1498483110946,WAITING,DELIVERY,2017-07-03 12:54:01
5959e2a9e4b03df509b92a35,592de8c1e4b09c162d7093af,1498463411679,WAITING,DELIVERY,2017-07-03 13:22:33
59597584e4b03df509b92080,592f9662e4b09c162d715ac3,1498463838024,WAITING,DELIVERY,2017-07-03 05:36:52
595980eee4b0d7f3f9e49d2e,592f9662e4b09c162d715ac3,1498463838024,WAITING,DELIVERY,2017-07-03 06:25:34
59598121e4b0cc171ed75a5b,592f9662e4b09c162d715ac3,1498483110946,WAITING,DELIVERY,2017-07-03 06:26:25
59598108e4b0cc171ed75a56,592f9662e4b09c162d715ac3,1498463838024,WAITING,DELIVERY,2017-07-03 06:26:00
5959864ce4b03f87dbd95621,59509da0e4b0db45c7132989,1498447694156,WAITING,DELIVERY,2017-07-03 06:48:28
59598133e4b03df509b920be,592f9662e4b09c162d715ac3,1498483110946,WAITING,DELIVERY,2017-07-03 06:26:43
59598151e4b0d7f3f9e49d35,592f9662e4b09c162d715ac3,1498483110946,WAITING,DELIVERY,2017-07-03 06:27:13
59598ea3e4b0d7f3f9e49e0d,59319a73e4b09c162d7202a6,1498483110946,WAITING,USERRECV,2017-07-03 07:24:03
59598eb4e4b03df509b92176,59319a73e4b09c162d7202a6,1498483110946,WAITING,USERRECV,2017-07-03 07:24:20
59598e98e4b0cc171ed75b04,59319a73e4b09c162d7202a6,1498483110946,WAITING,USERRECV,2017-07-03 07:23:52
59599d7ee4b0d7f3f9e49e9d,593fa440e4b09485024fd81d,1498483110946,WAITING,DELIVERY,2017-07-03 08:27:26
59599c1fe4b0cc171ed75b85,593fa440e4b09485024fd81d,1498483110946,WAITING,DELIVERY,2017-07-03 08:21:35
5959bc51e4b0d7f3f9e4a0e5,592e0a73e4b0a4ee112b9de2,1498463411679,WAITING,DELIVERY,2017-07-03 10:38:57
5959cbc7e4b03f87dbd95a42,592e3df1e4b0a4ee112bc86a,1498462885172,WAITING,USERRECV,2017-07-03 11:44:55
5959d4c4e4b0cc171ed760c6,5950a7ace4b0db45c7132c78,1498447694156,WAITING,DELIVERY,2017-07-03 12:23:16
5959d438e4b0d7f3f9e4a39b,593fa440e4b09485024fd81d,1498461455280,WAITING,DELIVERY,2017-07-03 12:20:56
5959d6a8e4b0cc171ed76133,5953becce4b0db45c713c417,1498483110946,WAITING,DELIVERY,2017-07-03 12:31:20
5959d5c8e4b0d7f3f9e4a422,5946b6e6e4b0b13004020408,1498483110946,WAITING,USERRECV,2017-07-03 12:27:36
5959d6a3e4b0d7f3f9e4a455,592f9662e4b09c162d715ac3,1498483110946,WAITING,DELIVERY,2017-07-03 12:31:15
5959e685e4b03f87dbd95f3c,593e57bbe4b024ae2fe5f47d,1498463411679,WAITING,DELIVERY,2017-07-03 13:39:01
5959e002e4b0d7f3f9e4a65f,5953becce4b0db45c713c417,1498483110946,WAITING,DELIVERY,2017-07-03 13:11:14
5959e282e4b03df509b92a32,592de8c1e4b09c162d7093af,1498463411679,WAITING,DELIVERY,2017-07-03 13:21:54
5959e6bbe4b0d7f3f9e4a766,593e57bbe4b024ae2fe5f47d,1498447694156,WAITING,DELIVERY,2017-07-03 13:39:55
5959e367e4b0cc171ed763ff,592de8c1e4b09c162d7093af,1498463411679,WAITING,DELIVERY,2017-07-03 13:25:43
5959f128e4b0cc171ed76569,5953900ce4b0db45c713b746,1498483110946,WAITING,DELIVERY,2017-07-03 14:24:24
595a6008e4b03f87dbd96a8a,5931787be4b0a4ee112cfab3,1498837653512,WAITING,DELIVERY,2017-07-03 22:17:28
595b4a51e4b03df509b94658,59328b9fe4b09c162d723fd4,1498638173188,WAITING,DELIVERY,2017-07-04 14:57:05
595b5c88e4b03df509b9480a,592e4ce4e4b09c162d70d183,1498837653512,WAITING,DELIVERY,2017-07-04 16:14:48
595b9e5ae4b0cc171ed786e0,595b9b84e4b03df509b94ccb,1498837653512,WAITING,DELIVERY,2017-07-04 20:55:38
595bb4f5e4b0cc171ed78937,594f4c71e4b0db45c713041f,1498837653512,WAITING,DELIVERY,2017-07-04 22:32:05
595b10f4e4b0d7f3f9e4bbf0,59349688e4b0a0f774fcbed7,1498637637799,DELIVERED,USERRECV,2017-07-04 10:52:20
595c7796e4b03f87dbd98dad,594f9757e4b0b1300403202c,1498837653512,WAITING,DELIVERY,2017-07-05 12:22:30
595cdca2e4b0cc171ed79b08,595649d4e4b0d7f3f9e46ce2,1498638173188,WAITING,DELIVERY,2017-07-05 19:33:38
595d7bcbe4b0d7f3f9e4e647,592e18a9e4b09c162d70a9af,1499246853746,WAITING,DELIVERY,2017-07-06 06:52:43
595db56ae4b03f87dbd9a1ee,592de8c1e4b09c162d7093af,1499246853746,WAITING,DELIVERY,2017-07-06 10:58:34
595e085de4b03f87dbd9ac2b,59362134e4b0c2218ce7bf7e,1498638173188,WAITING,DELIVERY,2017-07-06 16:52:29
5959e5ede4b0cc171ed76484,593e57bbe4b024ae2fe5f47d,1498463411679,WAITING,DELIVERY,2017-07-03 13:36:29
5959e32fe4b0d7f3f9e4a6de,592de8c1e4b09c162d7093af,1498463411679,WAITING,DELIVERY,2017-07-03 13:24:47
5959e2e9e4b03df509b92a3a,592de8c1e4b09c162d7093af,1498463411679,WAITING,DELIVERY,2017-07-03 13:23:37
5959e092e4b0d7f3f9e4a675,5957144fe4b0d7f3f9e4760e,1498483110946,WAITING,DELIVERY,2017-07-03 13:13:38
5959df6de4b03f87dbd95e3d,5931787be4b0a4ee112cfab3,1498461455280,WAITING,DELIVERY,2017-07-03 13:08:45
5959e549e4b0cc171ed7644b,5955f2d8e4b0d5a5c805c092,1498461455280,WAITING,DELIVERY,2017-07-03 13:33:45
5959efd2e4b03df509b92b83,594a5806e4b0b1300402736a,1498463838024,WAITING,DELIVERY,2017-07-03 14:18:42
595a6f79e4b03f87dbd96c5f,5938bc74e4b0c2218ce88e4e,1498837653512,WAITING,DELIVERY,2017-07-03 23:23:21
595af11fe4b03df509b93deb,5953844ee4b0b1300403c817,1498837653512,WAITING,DELIVERY,2017-07-04 08:36:31
595b3e64e4b0d7f3f9e4c07f,59438762e4b0db45c7118987,1498837653512,WAITING,DELIVERY,2017-07-04 14:06:12
595bb44ee4b03f87dbd98387,5952fc61e4b0b1300403a5ae,1498637637799,WAITING,USERRECV,2017-07-04 22:29:18
595c521ae4b03f87dbd98a2b,592da02be4b09c162d708589,1498637637799,DELIVERED,USERRECV,2017-07-05 09:42:34
595c7671e4b03df509b95962,592fa907e4b0a4ee112c64aa,1498837653512,WAITING,DELIVERY,2017-07-05 12:17:37
595e0756e4b0cc171ed7b1c1,5932a72ce4b09c162d7248c3,1499332319348,WAITING,DELIVERY,2017-07-06 16:48:06
595e0c2ee4b0cc171ed7b1f8,592db9bae4b09c162d708e4c,1499327238250,WAITING,DELIVERY,2017-07-06 17:08:46
595e1051e4b03f87dbd9ac98,592db2b9e4b0a4ee112b8b39,1499327238250,WAITING,DELIVERY,2017-07-06 17:26:25
5957b077e4b0d5a5c805e3d6,5945552ee4b0db45c711c290,1498483110946,WAITING,DELIVERY,2017-07-01 21:23:51
5957b05be4b03f87dbd94343,5945552ee4b0db45c711c290,1498483110946,WAITING,DELIVERY,2017-07-01 21:23:23
5957affee4b0f93e9119e3e3,593e4481e4b06f7fcb9eabe4,1498637637799,DELIVERED,USERRECV,2017-07-01 21:21:50
5957bc6de4b0f93e9119e47f,592e06a4e4b09c162d709c45,1498637637799,WAITING,USERRECV,2017-07-01 22:14:53
5957d49fe4b03df509b90fed,5931787be4b0a4ee112cfab3,1498461455280,WAITING,DELIVERY,2017-07-01 23:58:07
5957d0afe4b0d5a5c805e4e2,59565951e4b0f93e9119c969,1498483110946,WAITING,USERRECV,2017-07-01 23:41:19
5957d213e4b007e80dc155e7,5957cba2e4b0cc171ed74971,1498483110946,WAITING,DELIVERY,2017-07-01 23:47:15
5957e6e0e4b0d7f3f9e48ce5,5955d2cce4b03f87dbd91c90,1498483110946,WAITING,DELIVERY,2017-07-02 01:16:00
5957f274e4b0d7f3f9e48d38,59573196e4b0d5a5c805d4aa,1498462885172,WAITING,DELIVERY,2017-07-02 02:05:24
59576d87e4b0d5a5c805dd8b,592dbc3fe4b09c162d708f57,1498637637799,DELIVERED,USERRECV,2017-07-01 16:38:15
59576f12e4b007e80dc14e20,5931927fe4b0a4ee112d046a,1498463411679,WAITING,DELIVERY,2017-07-01 16:44:50
59576ecce4b01cb1aa778411,5931927fe4b0a4ee112d046a,1498463411679,WAITING,DELIVERY,2017-07-01 16:43:40
5957660ce4b03df509b906c7,593bf69de4b06f7fcb9e36d9,1498637637799,DELIVERED,USERRECV,2017-07-01 16:06:20
5957764ee4b03f87dbd93d4b,592e2f8be4b09c162d70be65,1498463411679,WAITING,USERRECV,2017-07-01 17:15:42
59577f46e4b0f93e9119dff4,592db6d6e4b0a4ee112b8ddc,1498637637799,WAITING,USERRECV,2017-07-01 17:53:58
59576a13e4b007e80dc14d64,5932fa12e4b09c162d725c8e,1498637637799,DELIVERED,USERRECV,2017-07-01 16:23:31
59577dc7e4b0d74b13f64d79,592da096e4b0a4ee112b852a,1498637637799,DELIVERED,USERRECV,2017-07-01 17:47:35
59577f28e4b007e80dc1503a,592f1443e4b0a4ee112c418a,1498637637799,DELIVERED,USERRECV,2017-07-01 17:53:28
59578cc8e4b03f87dbd9408c,593fa440e4b09485024fd81d,1498483110946,WAITING,DELIVERY,2017-07-01 18:51:36
595789bde4b0d7f3f9e487fd,5955d2cce4b03f87dbd91c90,1498483110946,WAITING,DELIVERY,2017-07-01 18:38:37
595782bde4b01cb1aa7786dd,595767f0e4b0e9517d6bbda1,1498637637799,DELIVERED,USERRECV,2017-07-01 18:08:45
5957873ce4b0cc171ed74508,592f8edbe4b0a4ee112c5813,1498462885172,WAITING,DELIVERY,2017-07-01 18:27:56
595787c2e4b01cb1aa77877e,592e0832e4b0a4ee112b9ccc,1498809602523,WAITING,USERRECV,2017-07-01 18:30:10
59578c39e4b0e9517d6bc2f5,593fa440e4b09485024fd81d,1498483110946,WAITING,DELIVERY,2017-07-01 18:49:13
59578b31e4b03f87dbd94062,593fa440e4b09485024fd81d,1498483110946,WAITING,DELIVERY,2017-07-01 18:44:49
5957816de4b01cb1aa77867f,59574b57e4b007e80dc1497b,1498637637799,DELIVERED,USERRECV,2017-07-01 18:03:09
595789a4e4b0d74b13f64fa9,593b8e15e4b024ae2fe566f3,1498637637799,DELIVERED,USERRECV,2017-07-01 18:38:12
59578837e4b03f87dbd94036,59550c1ee4b0b13004041ca7,1498637637799,DELIVERED,USERRECV,2017-07-01 18:32:07
59579810e4b0d7f3f9e48960,594f9757e4b0b1300403202c,1498463411679,WAITING,DELIVERY,2017-07-01 19:39:44
5957f355e4b0d7f3f9e48d3c,59573196e4b0d5a5c805d4aa,1498462885172,WAITING,DELIVERY,2017-07-02 02:09:09
5957fa5ee4b0f93e9119e646,592e3df1e4b0a4ee112bc86a,1498447694156,WAITING,USERRECV,2017-07-02 02:39:10
59583d86e4b03f87dbd94610,5950fa79e4b0b130040351bf,1498483110946,WAITING,DELIVERY,2017-07-02 07:25:42
59583d0de4b0d7f3f9e48db2,5950fa79e4b0b130040351bf,1498483110946,WAITING,DELIVERY,2017-07-02 07:23:41
59584adfe4b0e9517d6bc8b7,593fcd11e4b09485024fdf3b,1498461455280,WAITING,DELIVERY,2017-07-02 08:22:39
59584b0ee4b007e80dc157c0,593fcd11e4b09485024fdf3b,1498447694156,WAITING,DELIVERY,2017-07-02 08:23:26
59585d69e4b0d7f3f9e48e9e,5931787be4b0a4ee112cfab3,1498463838024,WAITING,DELIVERY,2017-07-02 09:41:45
59585dcfe4b0d74b13f656ea,5931787be4b0a4ee112cfab3,1498483110946,WAITING,DELIVERY,2017-07-02 09:43:27
59585d28e4b007e80dc15843,5931787be4b0a4ee112cfab3,1498463838024,WAITING,DELIVERY,2017-07-02 09:40:40
59585db1e4b0d7f3f9e48ea1,5931787be4b0a4ee112cfab3,1498463838024,WAITING,DELIVERY,2017-07-02 09:42:57
59586681e4b03df509b9129c,593b8d2be4b024ae2fe566b1,1498462885172,WAITING,DELIVERY,2017-07-02 10:20:33
5958757ee4b0d7f3f9e48f3b,593b7dbee4b024ae2fe562a8,1498462885172,WAITING,DELIVERY,2017-07-02 11:24:30
595875eee4b0d74b13f65785,593b7dbee4b024ae2fe562a8,1498462885172,WAITING,DELIVERY,2017-07-02 11:26:22
5958781de4b01cb1aa778e8f,5931927fe4b0a4ee112d046a,1498483110946,WAITING,DELIVERY,2017-07-02 11:35:41
595877e4e4b03f87dbd947a9,5931927fe4b0a4ee112d046a,1498483110946,WAITING,DELIVERY,2017-07-02 11:34:44
59588a68e4b0e9517d6bcb8b,593cf0c5e4b024ae2fe5a84d,1498447694156,WAITING,DELIVERY,2017-07-02 12:53:44
59589133e4b03df509b9154f,592e18a9e4b09c162d70a9af,1498463411679,WAITING,DELIVERY,2017-07-02 13:22:43
59588ff0e4b0d7f3f9e491a4,5954d064e4b0db45c713fad8,1498483110946,WAITING,DELIVERY,2017-07-02 13:17:20
59589151e4b0d74b13f65a0f,592e18a9e4b09c162d70a9af,1498463411679,WAITING,DELIVERY,2017-07-02 13:23:13
59578efee4b03f87dbd940fd,59339bd7e4b0a0f774fc8615,1498637637799,DELIVERED,USERRECV,2017-07-01 19:01:02
59579c0ae4b0d5a5c805e2ad,5957513ee4b007e80dc14a6b,1498637637799,DELIVERED,USERRECV,2017-07-01 19:56:42
595793f5e4b0d7f3f9e48915,5957256ae4b0cc171ed735c6,1498637637799,DELIVERED,USERRECV,2017-07-01 19:22:13
5957a63ce4b0e9517d6bc4d0,5945552ee4b0db45c711c290,1498483110946,WAITING,DELIVERY,2017-07-01 20:40:12
5957a5ede4b0d7f3f9e48a35,5945552ee4b0db45c711c290,1498483110946,WAITING,DELIVERY,2017-07-01 20:38:53
5957a907e4b0cc171ed74827,5945552ee4b0db45c711c290,1498483110946,WAITING,DELIVERY,2017-07-01 20:52:07
5957b1b0e4b0d7f3f9e48ace,592da13ce4b09c162d70862a,1498637637799,DELIVERED,USERRECV,2017-07-01 21:29:04
5957b591e4b0cc171ed748ba,593fec94e4b0db45c710f6e6,1498483110946,WAITING,DELIVERY,2017-07-01 21:45:37
5957b08ae4b007e80dc154a1,5945552ee4b0db45c711c290,1498483110946,WAITING,DELIVERY,2017-07-01 21:24:10
5957affee4b0d5a5c805e3d3,593e4481e4b06f7fcb9eabe4,1498637637799,DELIVERED,USERRECV,2017-07-01 21:21:50
5957b09fe4b007e80dc154a4,5945552ee4b0db45c711c290,1498483110946,WAITING,DELIVERY,2017-07-01 21:24:31
5957c19ae4b0f93e9119e49f,593bf69de4b06f7fcb9e36d9,1498483110946,WAITING,DELIVERY,2017-07-01 22:36:58
5957d226e4b0f93e9119e53f,592eb734e4b09c162d710bd0,1498447694156,WAITING,DELIVERY,2017-07-01 23:47:34
5957ce3be4b01cb1aa778b26,592eb7a9e4b0a4ee112c0da1,1498483110946,WAITING,DELIVERY,2017-07-01 23:30:51
5957d901e4b007e80dc1561f,592e979fe4b09c162d70fc07,1498483110946,WAITING,DELIVERY,2017-07-02 00:16:49
5957e69ee4b0e9517d6bc755,5957144fe4b0d7f3f9e4760e,1498483110946,WAITING,DELIVERY,2017-07-02 01:14:54
5957fca8e4b0d74b13f65579,59550930e4b0b13004041b8f,1498447694156,WAITING,DELIVERY,2017-07-02 02:48:56
5957f2cde4b0d5a5c805e5e8,59573196e4b0d5a5c805d4aa,1498462885172,WAITING,DELIVERY,2017-07-02 02:06:53
59581959e4b0d7f3f9e48d67,592dfcdbe4b09c162d70985e,1498463411679,WAITING,DELIVERY,2017-07-02 04:51:21
59583dabe4b0e9517d6bc831,5950fa79e4b0b130040351bf,1498483110946,WAITING,DELIVERY,2017-07-02 07:26:19
59584b3de4b0d7f3f9e48e35,593fcd11e4b09485024fdf3b,1498483110946,WAITING,DELIVERY,2017-07-02 08:24:13
59584af3e4b0f93e9119e707,593fcd11e4b09485024fdf3b,1498462885172,WAITING,DELIVERY,2017-07-02 08:22:59
59585d46e4b0f93e9119e76a,5931787be4b0a4ee112cfab3,1498483110946,WAITING,DELIVERY,2017-07-02 09:41:10
59585ccce4b0d7f3f9e48e9a,592e44f3e4b09c162d70cb92,1498463411679,WAITING,DELIVERY,2017-07-02 09:39:08
59585ca0e4b0d7f3f9e48e98,592e44f3e4b09c162d70cb92,1498463411679,WAITING,DELIVERY,2017-07-02 09:38:24
59585dc0e4b01cb1aa778dc4,5931787be4b0a4ee112cfab3,1498461455280,WAITING,DELIVERY,2017-07-02 09:43:12
59586707e4b0f93e9119e7ba,593b8d2be4b024ae2fe566b1,1498461455280,WAITING,DELIVERY,2017-07-02 10:22:47
5958772ae4b0e9517d6bc9e0,59424222e4b0db45c711596c,1498447694156,WAITING,DELIVERY,2017-07-02 11:31:38
5958785ae4b0cc171ed74d20,5931927fe4b0a4ee112d046a,1498463838024,WAITING,DELIVERY,2017-07-02 11:36:42
59587734e4b0d7f3f9e48f54,594fb703e4b0b13004032350,1498447694156,WAITING,DELIVERY,2017-07-02 11:31:48
59587b1ae4b0d74b13f65821,59522ed5e4b0b1300403866c,1498483110946,WAITING,DELIVERY,2017-07-02 11:48:26
59588effe4b007e80dc15b3c,5953844ee4b0b1300403c817,1498463838024,WAITING,DELIVERY,2017-07-02 13:13:19
59588f96e4b03f87dbd949c5,5954d064e4b0db45c713fad8,1498483110946,WAITING,DELIVERY,2017-07-02 13:15:50
595891cfe4b0d7f3f9e491c3,5954d064e4b0db45c713fad8,1498461455280,WAITING,DELIVERY,2017-07-02 13:25:19
5958922be4b0cc171ed74f37,5954d064e4b0db45c713fad8,1498483110946,WAITING,DELIVERY,2017-07-02 13:26:51
595891fbe4b01cb1aa7790b8,5954d064e4b0db45c713fad8,1498483110946,WAITING,DELIVERY,2017-07-02 13:26:03
59588f18e4b0d7f3f9e49193,5953844ee4b0b1300403c817,1498463838024,WAITING,DELIVERY,2017-07-02 13:13:44
59589159e4b0d5a5c805e9fe,592e18a9e4b09c162d70a9af,1498463411679,WAITING,DELIVERY,2017-07-02 13:23:21
59588c48e4b03f87dbd9496b,5944fa9ce4b0b1300401cb5a,1498463838024,WAITING,DELIVERY,2017-07-02 13:01:44
5958929ae4b03f87dbd949ec,5954d064e4b0db45c713fad8,1498483110946,WAITING,DELIVERY,2017-07-02 13:28:42
59589679e4b0d74b13f65a40,592db9bae4b09c162d708e4c,1498461455280,WAITING,DELIVERY,2017-07-02 13:45:13
595891aee4b0d7f3f9e491bd,592e18a9e4b09c162d70a9af,1498483110946,WAITING,DELIVERY,2017-07-02 13:24:46
595891cbe4b03f87dbd949e2,592e18a9e4b09c162d70a9af,1498463838024,WAITING,DELIVERY,2017-07-02 13:25:15
59588f31e4b0d7f3f9e49199,5953844ee4b0b1300403c817,1498463838024,WAITING,DELIVERY,2017-07-02 13:14:09
595892c9e4b0e9517d6bcc0e,5954d064e4b0db45c713fad8,1498483110946,WAITING,DELIVERY,2017-07-02 13:29:29
5958a748e4b03df509b9161d,5951ced6e4b0db45c713648e,1498483110946,WAITING,DELIVERY,2017-07-02 14:56:56
5958acafe4b0e9517d6bcd28,59562a39e4b03f87dbd923c7,1498461455280,WAITING,DELIVERY,2017-07-02 15:19:59
5958b82de4b007e80dc15ca6,5953844ee4b0b1300403c817,1498463838024,WAITING,DELIVERY,2017-07-02 16:09:01
5958cfe3e4b0cc171ed751e6,59573b0de4b0e9517d6bb733,1498462885172,WAITING,DELIVERY,2017-07-02 17:50:11
5958dcc1e4b03df509b91956,59306df5e4b09c162d71a7fc,1498447694156,WAITING,DELIVERY,2017-07-02 18:45:05
5958f2c8e4b03f87dbd94f04,593ba04de4b06f7fcb9e25de,1498463838024,WAITING,DELIVERY,2017-07-02 20:19:04
59590a80e4b0cc171ed75538,5955d2cce4b03f87dbd91c90,1498483110946,WAITING,DELIVERY,2017-07-02 22:00:16
59590abde4b03df509b91b8c,593cfaf3e4b024ae2fe5ab04,1498483110946,WAITING,DELIVERY,2017-07-02 22:01:17
595925a7e4b03df509b91de9,59319a73e4b09c162d7202a6,1498483110946,WAITING,USERRECV,2017-07-02 23:56:07
595921cce4b0d7f3f9e499c0,592e26bfe4b09c162d70b489,1498462885172,WAITING,DELIVERY,2017-07-02 23:39:40
595926cbe4b0cc171ed757a3,59319a73e4b09c162d7202a6,1498483110946,WAITING,USERRECV,2017-07-03 00:00:59
59592699e4b0cc171ed7579e,59319a73e4b09c162d7202a6,1498483110946,WAITING,USERRECV,2017-07-03 00:00:09
59589160e4b03df509b91557,592e18a9e4b09c162d70a9af,1498463411679,WAITING,DELIVERY,2017-07-02 13:23:28
59589267e4b03df509b91565,5954d064e4b0db45c713fad8,1498483110946,WAITING,DELIVERY,2017-07-02 13:27:51
5958ac60e4b0d5a5c805eb0e,59562a39e4b03f87dbd923c7,1498461455280,WAITING,DELIVERY,2017-07-02 15:18:40
5958b7dee4b0cc171ed75075,5953844ee4b0b1300403c817,1498463838024,WAITING,DELIVERY,2017-07-02 16:07:42
5958da39e4b0cc171ed752e0,593bf69de4b06f7fcb9e36d9,1498483110946,WAITING,DELIVERY,2017-07-02 18:34:17
5958de11e4b0d7f3f9e49611,592eb734e4b09c162d710bd0,1498447694156,WAITING,DELIVERY,2017-07-02 18:50:41
5958f244e4b0d7f3f9e496ce,593ba04de4b06f7fcb9e25de,1498463838024,WAITING,DELIVERY,2017-07-02 20:16:52
595916a3e4b0cc171ed7562a,592eab41e4b0a4ee112c07f7,1498447694156,WAITING,DELIVERY,2017-07-02 22:52:03
595922f4e4b0cc171ed7571e,59424222e4b0db45c711596c,1498462885172,WAITING,DELIVERY,2017-07-02 23:44:36
59591e81e4b03f87dbd951d4,5957144fe4b0d7f3f9e4760e,1498483110946,WAITING,DELIVERY,2017-07-02 23:25:37
595926b1e4b03f87dbd952dd,59319a73e4b09c162d7202a6,1498483110946,WAITING,USERRECV,2017-07-03 00:00:33
59592693e4b03f87dbd952da,59319a73e4b09c162d7202a6,1498483110946,WAITING,USERRECV,2017-07-03 00:00:03
59593e18e4b0d7f3f9e49b31,59573196e4b0d5a5c805d4aa,1498462885172,WAITING,DELIVERY,2017-07-03 01:40:24
59594643e4b03df509b91f36,59594038e4b03df509b91ed2,1498447694156,WAITING,DELIVERY,2017-07-03 02:15:15
59597596e4b03df509b92084,592f9662e4b09c162d715ac3,1498463838024,WAITING,DELIVERY,2017-07-03 05:37:10
5959758ee4b03df509b92082,592f9662e4b09c162d715ac3,1498463838024,WAITING,DELIVERY,2017-07-03 05:37:02
595975b0e4b03df509b9208a,592f9662e4b09c162d715ac3,1498483110946,WAITING,DELIVERY,2017-07-03 05:37:36
5959810fe4b0cc171ed75a58,592f9662e4b09c162d715ac3,1498463838024,WAITING,DELIVERY,2017-07-03 06:26:07
59598101e4b03f87dbd9559b,592f9662e4b09c162d715ac3,1498463838024,WAITING,DELIVERY,2017-07-03 06:25:53
59593e3ce4b03df509b91ebc,59573196e4b0d5a5c805d4aa,1498462885172,WAITING,DELIVERY,2017-07-03 01:41:00
5959460ae4b03f87dbd95421,59594038e4b03df509b91ed2,1498447694156,WAITING,DELIVERY,2017-07-03 02:14:18
59596113e4b03df509b92046,59573b0de4b0e9517d6bb733,1498462885172,WAITING,DELIVERY,2017-07-03 04:09:39
595975dee4b0d7f3f9e49cd9,592f9662e4b09c162d715ac3,1498463838024,WAITING,DELIVERY,2017-07-03 05:38:22
595975c1e4b03df509b9208e,592f9662e4b09c162d715ac3,1498483110946,WAITING,DELIVERY,2017-07-03 05:37:53
595975cae4b03df509b92090,592f9662e4b09c162d715ac3,1498483110946,WAITING,DELIVERY,2017-07-03 05:38:02
59598621e4b0d7f3f9e49dcc,59509da0e4b0db45c7132989,1498447694156,WAITING,DELIVERY,2017-07-03 06:47:45
59598158e4b0d7f3f9e49d37,592f9662e4b09c162d715ac3,1498483110946,WAITING,DELIVERY,2017-07-03 06:27:20
595985fae4b03df509b92148,59509da0e4b0db45c7132989,1498447694156,WAITING,DELIVERY,2017-07-03 06:47:06
5959812be4b03f87dbd9559d,592f9662e4b09c162d715ac3,1498483110946,WAITING,DELIVERY,2017-07-03 06:26:35
59598167e4b0d7f3f9e49d3b,592f9662e4b09c162d715ac3,1498483110946,WAITING,DELIVERY,2017-07-03 06:27:35
59598ebae4b0d7f3f9e49e10,59319a73e4b09c162d7202a6,1498483110946,WAITING,USERRECV,2017-07-03 07:24:26
59598ab4e4b03df509b9216d,59567fd8e4b0f93e9119cbf1,1498463838024,WAITING,DELIVERY,2017-07-03 07:07:16
59598a7fe4b0d7f3f9e49dfc,59567fd8e4b0f93e9119cbf1,1498463838024,WAITING,DELIVERY,2017-07-03 07:06:23
59598e91e4b03f87dbd95644,59319a73e4b09c162d7202a6,1498483110946,WAITING,USERRECV,2017-07-03 07:23:45
59599d5de4b03df509b9220e,593fa440e4b09485024fd81d,1498483110946,WAITING,DELIVERY,2017-07-03 08:26:53
5959acbfe4b03f87dbd9578c,593009b3e4b0a4ee112c865d,1498483110946,WAITING,DELIVERY,2017-07-03 09:32:31
5959bbcee4b03f87dbd9592e,593fcd11e4b09485024fdf3b,1498463838024,WAITING,DELIVERY,2017-07-03 10:36:46
5959d48be4b03df509b92755,593cd695e4b06f7fcb9e5b02,1498461455280,WAITING,DELIVERY,2017-07-03 12:22:19
5959813ae4b03df509b920c0,592f9662e4b09c162d715ac3,1498483110946,WAITING,DELIVERY,2017-07-03 06:26:50
59598180e4b0d7f3f9e49d41,592f9662e4b09c162d715ac3,1498483110946,WAITING,DELIVERY,2017-07-03 06:28:00
59598591e4b0cc171ed75ad8,59509da0e4b0db45c7132989,1498447694156,WAITING,DELIVERY,2017-07-03 06:45:21
59598e7ae4b0d7f3f9e49e09,59319a73e4b09c162d7202a6,1498483110946,WAITING,USERRECV,2017-07-03 07:23:22
59598e8be4b0cc171ed75b02,59319a73e4b09c162d7202a6,1498483110946,WAITING,USERRECV,2017-07-03 07:23:39
59598ea9e4b03f87dbd95647,59319a73e4b09c162d7202a6,1498483110946,WAITING,USERRECV,2017-07-03 07:24:09
59598e9de4b03df509b92173,59319a73e4b09c162d7202a6,1498483110946,WAITING,USERRECV,2017-07-03 07:23:57
59599d97e4b0d7f3f9e49e9f,593fa440e4b09485024fd81d,1498483110946,WAITING,DELIVERY,2017-07-03 08:27:51
5959ac82e4b0d7f3f9e49f3b,593009b3e4b0a4ee112c865d,1498483110946,WAITING,DELIVERY,2017-07-03 09:31:30
5959b5afe4b03df509b92392,59594038e4b03df509b91ed2,1498447694156,WAITING,DELIVERY,2017-07-03 10:10:39
5959b582e4b03df509b9237d,59594038e4b03df509b91ed2,1498447694156,WAITING,DELIVERY,2017-07-03 10:09:54
5959dbdde4b0d7f3f9e4a56d,592eb734e4b09c162d710bd0,1498483110946,WAITING,DELIVERY,2017-07-03 12:53:33
5959d8cce4b0cc171ed761d6,5957a278e4b0d7f3f9e489ed,1498461455280,WAITING,USERRECV,2017-07-03 12:40:28
5959d4c4e4b03f87dbd95c0c,5950a7ace4b0db45c7132c78,1498447694156,WAITING,DELIVERY,2017-07-03 12:23:16
5959d40ce4b0cc171ed7606c,593cd695e4b06f7fcb9e5b02,1498461455280,WAITING,DELIVERY,2017-07-03 12:20:12
5959d37fe4b03df509b926dc,593fcd11e4b09485024fdf3b,1498447694156,WAITING,DELIVERY,2017-07-03 12:17:51
5959d4c4e4b0d7f3f9e4a3d8,5950a7ace4b0db45c7132c78,1498447694156,WAITING,DELIVERY,2017-07-03 12:23:16
5959e599e4b0cc171ed7646a,593e57bbe4b024ae2fe5f47d,1498463411679,WAITING,DELIVERY,2017-07-03 13:35:05
5959e37ee4b03f87dbd95edb,592de8c1e4b09c162d7093af,1498463411679,WAITING,DELIVERY,2017-07-03 13:26:06
5959e392e4b0cc171ed76408,592de8c1e4b09c162d7093af,1498463411679,WAITING,DELIVERY,2017-07-03 13:26:26
5959e352e4b0d7f3f9e4a6e2,592de8c1e4b09c162d7093af,1498463411679,WAITING,DELIVERY,2017-07-03 13:25:22
5959df5ae4b0cc171ed7636f,5931787be4b0a4ee112cfab3,1498483110946,WAITING,DELIVERY,2017-07-03 13:08:26
5959f342e4b03df509b92b9c,59388883e4b0a0f774fddf49,1498461455280,WAITING,USERRECV,2017-07-03 14:33:22
595a385ce4b03f87dbd9667b,5944fa9ce4b0b1300401cb5a,1498837653512,WAITING,DELIVERY,2017-07-03 19:28:12
595b2613e4b03f87dbd975b2,595b1cd0e4b0d7f3f9e4bd14,1498837653512,WAITING,DELIVERY,2017-07-04 12:22:27
595b4ec0e4b0cc171ed780bc,592e0d61e4b0a4ee112b9f2a,1498837653512,WAITING,DELIVERY,2017-07-04 15:16:00
595b6aece4b03df509b94927,592e95a4e4b0a4ee112bfcb9,1498837653512,WAITING,DELIVERY,2017-07-04 17:16:12
595bae23e4b03f87dbd982e9,592dfa8ee4b09c162d70981a,1498837653512,WAITING,DELIVERY,2017-07-04 22:02:59
595c5a83e4b03f87dbd98aa8,592db1fce4b09c162d708a95,1498837653512,DELIVERED,DELIVERY,2017-07-05 10:18:27
595c7160e4b0cc171ed79245,595a1020e4b0d7f3f9e4aada,1498837653512,WAITING,DELIVERY,2017-07-05 11:56:00
595c74eae4b03f87dbd98d45,592da01fe4b0a4ee112b84fb,1498837653512,WAITING,DELIVERY,2017-07-05 12:11:06
595cf381e4b0cc171ed79ca8,5944c035e4b0db45c711ae7e,1498637637799,WAITING,USERRECV,2017-07-05 21:11:13
595da3eee4b0cc171ed7a64d,592db9bae4b09c162d708e4c,1499246853746,WAITING,DELIVERY,2017-07-06 09:43:58
595dc883e4b03f87dbd9a59c,593ab590e4b06f7fcb9dffac,1499246853746,WAITING,DELIVERY,2017-07-06 12:20:03
595e0ef8e4b03f87dbd9ac81,594f9757e4b0b1300403202c,1499332319348,WAITING,DELIVERY,2017-07-06 17:20:40
595e23a0e4b0cc171ed7b3d1,59396436e4b0ae0beba7df83,1499332319348,WAITING,DELIVERY,2017-07-06 18:48:48
595e3074e4b03f87dbd9b009,5957768ce4b007e80dc14efa,1499332319348,WAITING,DELIVERY,2017-07-06 19:43:32
5959dc7de4b03df509b92911,593fa440e4b09485024fd81d,1498483110946,WAITING,DELIVERY,2017-07-03 12:56:13
5959d39fe4b03df509b926e6,593fcd11e4b09485024fdf3b,1498462885172,WAITING,DELIVERY,2017-07-03 12:18:23
5959db0fe4b0d7f3f9e4a55d,593fec94e4b0db45c710f6e6,1498462885172,WAITING,DELIVERY,2017-07-03 12:50:07
5959d41be4b0d7f3f9e4a38b,593fa440e4b09485024fd81d,1498483110946,WAITING,DELIVERY,2017-07-03 12:20:27
5959d4c4e4b0cc171ed760c4,5950a7ace4b0db45c7132c78,1498447694156,WAITING,DELIVERY,2017-07-03 12:23:16
5959df62e4b03f87dbd95e39,5931787be4b0a4ee112cfab3,1498463838024,WAITING,DELIVERY,2017-07-03 13:08:34
5959e2c7e4b03df509b92a38,592de8c1e4b09c162d7093af,1498463411679,WAITING,DELIVERY,2017-07-03 13:23:03
5959e52ee4b0d7f3f9e4a721,593e57bbe4b024ae2fe5f47d,1498483110946,WAITING,DELIVERY,2017-07-03 13:33:18
5959e0b7e4b0d7f3f9e4a67d,5957144fe4b0d7f3f9e4760e,1498462885172,WAITING,DELIVERY,2017-07-03 13:14:15
5959e707e4b0d7f3f9e4a76f,593e57bbe4b024ae2fe5f47d,1498483110946,WAITING,DELIVERY,2017-07-03 13:41:11
5959f490e4b03f87dbd9604a,5957416ce4b007e80dc147f5,1498463838024,WAITING,DELIVERY,2017-07-03 14:38:56
595a3ef6e4b0cc171ed76d22,592e44f9e4b0a4ee112bcc68,1498837653512,WAITING,DELIVERY,2017-07-03 19:56:22
595a8e62e4b03df509b93b1b,592fe58fe4b09c162d717830,1498837653512,WAITING,DELIVERY,2017-07-04 01:35:14
595b0c86e4b0d7f3f9e4bbce,592e1e51e4b09c162d70ad68,1498837653512,WAITING,DELIVERY,2017-07-04 10:33:26
595bb921e4b03f87dbd983d8,5945552ee4b0db45c711c290,1498837653512,WAITING,DELIVERY,2017-07-04 22:49:53
595bf933e4b03f87dbd986e8,592db9bae4b09c162d708e4c,1498837653512,WAITING,DELIVERY,2017-07-05 03:23:15
595c66b8e4b0d7f3f9e4d3e3,5932a72ce4b09c162d7248c3,1498637637799,WAITING,USERRECV,2017-07-05 11:10:32
595c752be4b03f87dbd98d52,592da01fe4b0a4ee112b84fb,1498837653512,WAITING,DELIVERY,2017-07-05 12:12:11
595e30d2e4b03df509b97c30,592e1b3de4b09c162d70ab45,1499332319348,WAITING,DELIVERY,2017-07-06 19:45:06
595e39dee4b03f87dbd9b180,592f915ce4b09c162d715832,1499332319348,WAITING,DELIVERY,2017-07-06 20:23:42
595e4188e4b0d7f3f9e4fa45,59451fece4b0b1300401cf19,1499332319348,WAITING,DELIVERY,2017-07-06 20:56:24
595e452ae4b03df509b97ec0,592e1374e4b0a4ee112ba57d,1499332319348,WAITING,DELIVERY,2017-07-06 21:11:54
595e4c41e4b03f87dbd9b34f,5945552ee4b0db45c711c290,1499332319348,WAITING,DELIVERY,2017-07-06 21:42:09
595e53d5e4b0cc171ed7ba66,5936bfade4b0c2218ce7f588,1499332319348,WAITING,DELIVERY,2017-07-06 22:14:29
595e6b9ee4b0d7f3f9e4ff2c,595dad0de4b0d7f3f9e4e8ed,1499332319348,WAITING,DELIVERY,2017-07-06 23:55:58
595e9fc5e4b0cc171ed7be65,59507756e4b0db45c71322ba,1499332319348,WAITING,DELIVERY,2017-07-07 03:38:29
595ef52be4b0d7f3f9e50339,593fcd11e4b09485024fdf3b,1499332319348,WAITING,DELIVERY,2017-07-07 09:42:51
595f1c3fe4b0cc171ed7c577,59578ffbe4b03f87dbd94112,1499332319348,WAITING,DELIVERY,2017-07-07 12:29:35
595f1845e4b0d7f3f9e50674,595ec83be4b03df509b98547,1499332319348,WAITING,DELIVERY,2017-07-07 12:12:37
595f30ade4b0cc171ed7c77e,592f9662e4b09c162d715ac3,1499332319348,WAITING,DELIVERY,2017-07-07 13:56:45
595f2997e4b03f87dbd9c09b,593669c0e4b0c2218ce7d7c3,1499332319348,WAITING,DELIVERY,2017-07-07 13:26:31
595f2826e4b03f87dbd9c073,5936e7cde4b0c2218ce813b7,1499332319348,WAITING,DELIVERY,2017-07-07 13:20:22
595f3dfbe4b03f87dbd9c21e,5931399ae4b09c162d71dd06,1499332319348,WAITING,DELIVERY,2017-07-07 14:53:31
595f518be4b0d7f3f9e50b25,592f9662e4b09c162d715ac3,1499332319348,WAITING,DELIVERY,2017-07-07 16:16:59
595f80f3e4b0cc171ed7cce1,59575335e4b0d5a5c805da23,1499332319348,WAITING,DELIVERY,2017-07-07 19:39:15
595f8a69e4b03df509b993ae,593cb7e3e4b024ae2fe59739,1499332319348,WAITING,DELIVERY,2017-07-07 20:19:37
595f8acbe4b0d7f3f9e50f30,594495f8e4b0db45c711a5c9,1499332319348,WAITING,DELIVERY,2017-07-07 20:21:15
595f8a21e4b03f87dbd9c756,594495f8e4b0db45c711a5c9,1499332319348,WAITING,DELIVERY,2017-07-07 20:18:25
595f9179e4b0cc171ed7cde2,59496fece4b0db45c7124cd7,1499332319348,WAITING,DELIVERY,2017-07-07 20:49:45
595fb861e4b0d7f3f9e511f4,593669c0e4b0c2218ce7d7c3,1499332319348,WAITING,DELIVERY,2017-07-07 23:35:45
595fdc13e4b0d7f3f9e512fe,592f1443e4b0a4ee112c418a,1499332319348,WAITING,DELIVERY,2017-07-08 02:08:03
5960489de4b03f87dbd9cd89,592e7a7fe4b0a4ee112bed11,1499332319348,WAITING,USERRECV,2017-07-08 09:51:09
596064f2e4b0cc171ed7d537,595b588ae4b0cc171ed781b7,1499246853746,WAITING,DELIVERY,2017-07-08 11:52:02
596071a5e4b03df509b99c69,592ff812e4b09c162d717db5,1499332319348,WAITING,DELIVERY,2017-07-08 12:46:13
5960c132e4b0d7f3f9e51dd2,592fba08e4b09c162d716850,1499332319348,WAITING,DELIVERY,2017-07-08 18:25:38
5960d12ae4b0d7f3f9e51eb7,5960cf39e4b0cc171ed7dce5,1499332319348,WAITING,DELIVERY,2017-07-08 19:33:46
5960e51fe4b0d7f3f9e52012,5960de2ee4b0d7f3f9e51f96,1499332319348,WAITING,DELIVERY,2017-07-08 20:58:55
5960e41ae4b0d7f3f9e51fff,5960df44e4b0d7f3f9e51fa6,1499332319348,WAITING,DELIVERY,2017-07-08 20:54:34
5960e570e4b0d7f3f9e5201e,5960df44e4b0d7f3f9e51fa6,1499332319348,WAITING,DELIVERY,2017-07-08 21:00:16
5961138ce4b03df509b9a61e,592de8c1e4b09c162d7093af,1499332319348,WAITING,DELIVERY,2017-07-09 00:17:00
59611f90e4b0d7f3f9e522a8,59496fece4b0db45c7124cd7,1499332319348,WAITING,DELIVERY,2017-07-09 01:08:16
5961a23ae4b0d7f3f9e525f2,593172e7e4b0a4ee112cf7e0,1499332319348,WAITING,DELIVERY,2017-07-09 10:25:46
5961bbebe4b03df509b9ab71,592e3df1e4b0a4ee112bc86a,1499332319348,WAITING,USERRECV,2017-07-09 12:15:23
5961c566e4b0d7f3f9e52978,592e3349e4b0a4ee112bc2bd,1499332319348,WAITING,DELIVERY,2017-07-09 12:55:50
5961e138e4b03f87dbd9e363,593cf0c5e4b024ae2fe5a84d,1499332319348,WAITING,DELIVERY,2017-07-09 14:54:32
5961f2abe4b0cc171ed7ea6f,593fcd11e4b09485024fdf3b,1499332319348,WAITING,DELIVERY,2017-07-09 16:08:59
595e0701e4b03df509b9786a,595a8b2de4b03f87dbd96eb5,1499332319348,WAITING,DELIVERY,2017-07-06 16:46:41
595e13c2e4b0d7f3f9e4f4f6,595c4191e4b03f87dbd98961,1499332319348,WAITING,DELIVERY,2017-07-06 17:41:06
595e237ae4b03df509b97a62,59396436e4b0ae0beba7df83,1499246853746,WAITING,DELIVERY,2017-07-06 18:48:10
595e2f6de4b0d7f3f9e4f7fb,5957768ce4b007e80dc14efa,1499332319348,WAITING,DELIVERY,2017-07-06 19:39:09
595e342fe4b0cc171ed7b69c,5957b642e4b0d5a5c805e404,1499332319348,WAITING,USERRECV,2017-07-06 19:59:27
595e3c28e4b0cc171ed7b78f,592f9662e4b09c162d715ac3,1499332319348,WAITING,DELIVERY,2017-07-06 20:33:28
595e37c7e4b0d7f3f9e4f93a,592df68ae4b09c162d709701,1499332319348,WAITING,DELIVERY,2017-07-06 20:14:47
595e45dfe4b0d7f3f9e4fae5,595e4263e4b0cc171ed7b824,1499332319348,WAITING,DELIVERY,2017-07-06 21:14:55
595e4c4ae4b03df509b97f99,5945552ee4b0db45c711c290,1499332319348,WAITING,DELIVERY,2017-07-06 21:42:18
595e5596e4b03f87dbd9b4f1,5936bfade4b0c2218ce7f588,1499332319348,WAITING,DELIVERY,2017-07-06 22:21:58
595e5ff7e4b0d7f3f9e4fe02,59574f3be4b03f87dbd937c2,1499332319348,WAITING,DELIVERY,2017-07-06 23:06:15
595ec767e4b03df509b98544,5936bfd6e4b0a0f774fd4fb4,1499332319348,WAITING,DELIVERY,2017-07-07 06:27:35
595f17a8e4b0cc171ed7c3f1,59496fece4b0db45c7124cd7,1499332319348,WAITING,DELIVERY,2017-07-07 12:10:00
595f179ae4b0d7f3f9e5062f,59496fece4b0db45c7124cd7,1499332319348,WAITING,DELIVERY,2017-07-07 12:09:46
595f18bbe4b03f87dbd9be79,595bdd75e4b03df509b9526e,1499332319348,WAITING,DELIVERY,2017-07-07 12:14:35
595f2bcde4b0d7f3f9e50907,593669c0e4b0c2218ce7d7c3,1499332319348,WAITING,DELIVERY,2017-07-07 13:35:57
595f28e1e4b0d7f3f9e508b3,59549295e4b0b1300403fcc0,1499332319348,WAITING,DELIVERY,2017-07-07 13:23:29
595f2d9be4b0d7f3f9e50947,59424222e4b0db45c711596c,1499246853746,WAITING,DELIVERY,2017-07-07 13:43:39
595f555be4b03f87dbd9c33a,5950ca67e4b0b1300403474b,1499332319348,WAITING,DELIVERY,2017-07-07 16:33:15
59622fa3e4b0cc171ed7ee1e,594e66e5e4b0db45c712f25b,1499332319348,WAITING,DELIVERY,2017-07-09 20:29:07
59630d43e4b03f87dbd9f21e,596262e3e4b03df509b9b711,1499332319348,WAITING,DELIVERY,2017-07-10 12:14:43
59631fece4b0d7f3f9e53ab8,595bdd75e4b03df509b9526e,1499332319348,WAITING,DELIVERY,2017-07-10 13:34:20
596370ece4b03df509b9c52b,59568ee3e4b0d7f3f9e4721a,1498637637799,WAITING,USERRECV,2017-07-10 19:19:56
596384fde4b0d7f3f9e54077,59301025e4b0a4ee112c898f,1499332319348,WAITING,DELIVERY,2017-07-10 20:45:33
59638970e4b0d7f3f9e540f3,5945552ee4b0db45c711c290,1499332319348,WAITING,DELIVERY,2017-07-10 21:04:32
596446a1e4b0cc171ed806e3,593fcd11e4b09485024fdf3b,1499332319348,WAITING,DELIVERY,2017-07-11 10:31:45
59645bc2e4b0cc171ed808b6,594d63dbe4b0db45c712d2a3,1499332319348,WAITING,DELIVERY,2017-07-11 12:01:54
59647e74e4b03df509b9d26f,5936ccfde4b0a0f774fd5aac,1499332319348,WAITING,DELIVERY,2017-07-11 14:29:56
5964b941e4b0cc171ed812f5,5964b597e4b0d7f3f9e5524b,1499332319348,WAITING,DELIVERY,2017-07-11 18:40:49
5965a51be4b03f87dbda15ee,594d63dbe4b0db45c712d2a3,1499332319348,WAITING,DELIVERY,2017-07-12 11:27:07
5965a1b5e4b0d7f3f9e55b79,596262e3e4b03df509b9b711,1499332319348,WAITING,DELIVERY,2017-07-12 11:12:37
596779a5e4b03df509b9ff04,594bb773e4b0db45c7128ef1,1498638173188,WAITING,DELIVERY,2017-07-13 20:46:13
596afef4e4b09713a27dfd13,593ba04de4b06f7fcb9e25de,1498638173188,WAITING,DELIVERY,2017-07-16 12:51:48
596c607fe4b09713a27e0ca4,59438762e4b0db45c7118987,1500259925706,WAITING,DELIVERY,2017-07-17 14:00:15
596ca044e4b0fe8edbc1c786,595c4191e4b03f87dbd98961,1500259925706,WAITING,DELIVERY,2017-07-17 18:32:20
596cca1ce4b0fe8edbc1cb05,592e0d61e4b0a4ee112b9f2a,1500259925706,WAITING,DELIVERY,2017-07-17 21:30:52
596ed0d6e4b0d4cb4b850eeb,5932d464e4b09c162d725409,1498637637799,WAITING,USERRECV,2017-07-19 10:24:06
595f745de4b03df509b99205,595e4bafe4b03df509b97f84,1499246853746,WAITING,DELIVERY,2017-07-07 18:45:33
595f8b9be4b0cc171ed7cd7f,594495f8e4b0db45c711a5c9,1499332319348,WAITING,DELIVERY,2017-07-07 20:24:43
595f8b80e4b0cc171ed7cd7b,594495f8e4b0db45c711a5c9,1499332319348,WAITING,DELIVERY,2017-07-07 20:24:16
595f8d17e4b03df509b993cd,593669c0e4b0c2218ce7d7c3,1499332319348,WAITING,DELIVERY,2017-07-07 20:31:03
595f8b53e4b0cc171ed7cd76,594495f8e4b0db45c711a5c9,1499332319348,WAITING,DELIVERY,2017-07-07 20:23:31
595f8a95e4b0cc171ed7cd5f,594495f8e4b0db45c711a5c9,1499332319348,WAITING,DELIVERY,2017-07-07 20:20:21
595fb845e4b0cc171ed7d02f,593669c0e4b0c2218ce7d7c3,1499332319348,WAITING,DELIVERY,2017-07-07 23:35:17
595fc7a7e4b0d7f3f9e512c4,595f0a87e4b03f87dbd9bbf1,1499332319348,WAITING,DELIVERY,2017-07-08 00:40:55
595fdc6fe4b0cc171ed7d15d,592f1443e4b0a4ee112c418a,1499332319348,WAITING,DELIVERY,2017-07-08 02:09:35
59605c5ae4b0cc171ed7d4c4,59575335e4b0d5a5c805da23,1499246853746,WAITING,DELIVERY,2017-07-08 11:15:22
59607166e4b0cc171ed7d690,595769eee4b03f87dbd93bd3,1499332319348,WAITING,DELIVERY,2017-07-08 12:45:10
5960d6c5e4b03f87dbd9d69e,594d63dbe4b0db45c712d2a3,1499332319348,WAITING,DELIVERY,2017-07-08 19:57:41
5960e461e4b03df509b9a3cb,5960df44e4b0d7f3f9e51fa6,1499332319348,WAITING,DELIVERY,2017-07-08 20:55:45
5960d7f1e4b0cc171ed7dd87,594d63dbe4b0db45c712d2a3,1499332319348,WAITING,DELIVERY,2017-07-08 20:02:41
5960e543e4b03df509b9a3d5,5960df44e4b0d7f3f9e51fa6,1499332319348,WAITING,DELIVERY,2017-07-08 20:59:31
5960e5c0e4b0d7f3f9e52027,5960df44e4b0d7f3f9e51fa6,1499332319348,WAITING,DELIVERY,2017-07-08 21:01:36
59611097e4b0cc171ed7e083,592de8c1e4b09c162d7093af,1499332319348,WAITING,DELIVERY,2017-07-09 00:04:23
59612396e4b0cc171ed7e104,592ea1a1e4b09c162d71004c,1499332319348,WAITING,DELIVERY,2017-07-09 01:25:26
59619c88e4b0d7f3f9e525b0,595a0a79e4b0d7f3f9e4aa55,1499332319348,WAITING,USERRECV,2017-07-09 10:01:28
595c76f8e4b03df509b95975,5954a9ffe4b0db45c713f0a0,1498837653512,DELIVERED,DELIVERY,2017-07-05 12:19:52
59732442e4b0d4cb4b858368,59576379e4b0e9517d6bbd06,1498638173188,WAITING,DELIVERY,2017-07-22 17:09:06
59743bb6e4b0a7427fcc259a,595640c5e4b03df509b8f17d,1498638173188,WAITING,USERRECV,2017-07-23 13:01:26
5974e227e4b0a7427fcc3668,592eb7a9e4b0a4ee112c0da1,1498638173188,WAITING,DELIVERY,2017-07-24 00:51:35
597557d6e4b0fe8edbc28b05,592e8be8e4b09c162d70f5d7,1498637637799,WAITING,USERRECV,2017-07-24 09:13:42
5975d900e4b09713a27eea22,59301025e4b0a4ee112c898f,1498637637799,WAITING,USERRECV,2017-07-24 18:24:48
59761e1ce4b0a7427fcc5adb,5975ff12e4b0d4cb4b85c9bc,1498638173188,WAITING,DELIVERY,2017-07-24 23:19:40
5976a901e4b0fe8edbc2b0d6,592e44f9e4b0a4ee112bcc68,1498638173188,WAITING,DELIVERY,2017-07-25 09:12:17
5961c390e4b03f87dbd9e1b4,5935735de4b0c2218ce79f91,1498637637799,WAITING,USERRECV,2017-07-09 12:48:00
5961bc23e4b03f87dbd9dfc1,59575c16e4b01cb1aa7781a9,1499332319348,WAITING,DELIVERY,2017-07-09 12:16:19
5961e7b6e4b03df509b9af51,5945552ee4b0db45c711c290,1499332319348,WAITING,DELIVERY,2017-07-09 15:22:14
59622f65e4b0cc171ed7ee1b,594e66e5e4b0db45c712f25b,1499332319348,WAITING,DELIVERY,2017-07-09 20:28:05
59631897e4b03f87dbd9f381,593fcd11e4b09485024fdf3b,1499332319348,WAITING,DELIVERY,2017-07-10 13:03:03
59636b1ce4b03f87dbd9f8fd,592e308fe4b09c162d70bf66,1499332319348,WAITING,USERRECV,2017-07-10 18:55:08
5963846ae4b03f87dbd9fa55,592e0832e4b0a4ee112b9ccc,1499332319348,WAITING,DELIVERY,2017-07-10 20:43:06
596389b4e4b0d7f3f9e540ff,59574c52e4b0d7f3f9e47f6e,1499332319348,WAITING,DELIVERY,2017-07-10 21:05:40
5963ae5ee4b03f87dbd9fd5b,59576379e4b0e9517d6bbd06,1499332319348,WAITING,DELIVERY,2017-07-10 23:42:06
596449cee4b0cc171ed80711,5938bc74e4b0c2218ce88e4e,1499332319348,WAITING,DELIVERY,2017-07-11 10:45:18
5964611ce4b03df509b9d005,592e1a1ce4b0a4ee112ba9d5,1499332319348,WAITING,DELIVERY,2017-07-11 12:24:44
59647c4de4b0cc171ed80cb4,592db0e7e4b09c162d708a4d,1498638173188,WAITING,DELIVERY,2017-07-11 14:20:45
5964ada5e4b0d7f3f9e55157,592e0a50e4b0a4ee112b9dbc,1498638173188,WAITING,DELIVERY,2017-07-11 17:51:17
5964f542e4b03df509b9dc1c,593174f2e4b09c162d71f424,1499332319348,WAITING,DELIVERY,2017-07-11 22:56:50
59652224e4b0d7f3f9e5575f,59301025e4b0a4ee112c898f,1499332319348,WAITING,DELIVERY,2017-07-12 02:08:20
5965a383e4b03df509b9e1a3,595bdb83e4b0cc171ed78c1e,1498637637799,WAITING,USERRECV,2017-07-12 11:20:19
5965a173e4b03df509b9e175,596262e3e4b03df509b9b711,1499332319348,WAITING,DELIVERY,2017-07-12 11:11:31
59670ff0e4b03f87dbda2b14,5953962fe4b0db45c713b886,1498637637799,WAITING,USERRECV,2017-07-13 13:15:12
59698a67e4b0fe8edbc1a1f8,592e18a9e4b09c162d70a9af,1498637637799,WAITING,USERRECV,2017-07-15 10:22:15
596c5dbfe4b0a7427fcb72e0,5966cb28e4b0d7f3f9e56c0d,1498637637799,WAITING,USERRECV,2017-07-17 13:48:31
596d9985e4b0d4cb4b84fc03,593009b3e4b0a4ee112c865d,1498638173188,WAITING,DELIVERY,2017-07-18 12:15:49
5971c226e4b0d4cb4b854caf,5936d932e4b0c2218ce80b0f,1498637637799,WAITING,USERRECV,2017-07-21 15:58:14
59720234e4b0d4cb4b85583b,596c77f7e4b09713a27e0fe9,1498637637799,WAITING,USERRECV,2017-07-21 20:31:32
59732804e4b0d4cb4b8583a5,592ff812e4b09c162d717db5,1498638173188,WAITING,DELIVERY,2017-07-22 17:25:08
5974366de4b0a7427fcc242a,59464daee4b0b1300401f347,1498638173188,WAITING,USERRECV,2017-07-23 12:38:53
5974a32ce4b0d4cb4b85a21d,593fa440e4b09485024fd81d,1498638173188,WAITING,DELIVERY,2017-07-23 20:22:52
5975dffae4b0a7427fcc51e2,5959d0a6e4b03df509b92655,1498638173188,WAITING,DELIVERY,2017-07-24 18:54:34
5976bb44e4b09713a27f011f,593e4481e4b06f7fcb9eabe4,1498638173188,WAITING,DELIVERY,2017-07-25 10:30:12
595e1d5ee4b03f87dbd9adeb,59533bfde4b0db45c713a01a,1499332319348,WAITING,DELIVERY,2017-07-06 18:22:06
595e2fe4e4b03f87dbd9aff1,593fcd11e4b09485024fdf3b,1499332319348,WAITING,DELIVERY,2017-07-06 19:41:08
595e13c0e4b0cc171ed7b284,592e0a50e4b0a4ee112b9dbc,1499332319348,WAITING,DELIVERY,2017-07-06 17:41:04
595e25dae4b0d7f3f9e4f6a6,595cfa7ce4b03f87dbd99750,1499332319348,WAITING,DELIVERY,2017-07-06 18:58:18
595e26eee4b03df509b97ade,5930eb4be4b0a4ee112cc495,1499332319348,WAITING,DELIVERY,2017-07-06 19:02:54
595e27ade4b03f87dbd9aeb0,592e0832e4b0a4ee112b9ccc,1499332319348,WAITING,DELIVERY,2017-07-06 19:06:05
595e39e1e4b03df509b97d9b,592e0a50e4b0a4ee112b9dbc,1499326885068,WAITING,DELIVERY,2017-07-06 20:23:45
595e4757e4b0cc171ed7b8c2,594ceaafe4b0b1300402d1a1,1499332319348,WAITING,DELIVERY,2017-07-06 21:21:11
595e4c29e4b0d7f3f9e4fb9a,5945552ee4b0db45c711c290,1499332319348,WAITING,DELIVERY,2017-07-06 21:41:45
595e5d0ae4b03df509b98199,592db383e4b09c162d708b97,1498638173188,WAITING,DELIVERY,2017-07-06 22:53:46
595e6079e4b03f87dbd9b597,5945552ee4b0db45c711c290,1499332319348,WAITING,DELIVERY,2017-07-06 23:08:25
595e70d8e4b03f87dbd9b751,595730abe4b0e9517d6bb4ef,1499332319348,WAITING,DELIVERY,2017-07-07 00:18:16
595eabbee4b0cc171ed7bea2,5936d4bde4b0c2218ce807c1,1499332319348,WAITING,DELIVERY,2017-07-07 04:29:34
595f1ba1e4b0d7f3f9e507b9,595f1978e4b03df509b98adb,1499332319348,WAITING,DELIVERY,2017-07-07 12:26:57
595f1cfee4b03f87dbd9bf7a,59573157e4b0f93e9119d50a,1499332319348,WAITING,DELIVERY,2017-07-07 12:32:46
595f1815e4b03f87dbd9be15,592f63e7e4b09c162d714925,1499331131271,WAITING,DELIVERY,2017-07-07 12:11:49
595f2b39e4b03f87dbd9c0c5,593669c0e4b0c2218ce7d7c3,1499332319348,WAITING,DELIVERY,2017-07-07 13:33:29
595f2b98e4b03df509b98d2d,593669c0e4b0c2218ce7d7c3,1499332319348,WAITING,DELIVERY,2017-07-07 13:35:04
595f2b98e4b03f87dbd9c0cb,593669c0e4b0c2218ce7d7c3,1499332319348,WAITING,DELIVERY,2017-07-07 13:35:04
595f5740e4b0cc171ed7c9ae,59573b0de4b0e9517d6bb733,1499332319348,WAITING,DELIVERY,2017-07-07 16:41:20
595f6a4de4b03df509b99151,592e274ce4b0a4ee112bb4d7,1499246853746,DELIVERED,USERRECV,2017-07-07 18:02:37
595f8bd8e4b0d7f3f9e50f3c,594495f8e4b0db45c711a5c9,1499332319348,WAITING,DELIVERY,2017-07-07 20:25:44
595f8ab1e4b0d7f3f9e50f2e,594495f8e4b0db45c711a5c9,1499332319348,WAITING,DELIVERY,2017-07-07 20:20:49
595f8b6be4b0cc171ed7cd79,594495f8e4b0db45c711a5c9,1499332319348,WAITING,DELIVERY,2017-07-07 20:23:55
595f8c06e4b0cc171ed7cd86,594495f8e4b0db45c711a5c9,1499332319348,WAITING,DELIVERY,2017-07-07 20:26:30
595fa884e4b0cc171ed7cf44,595283d9e4b0b13004039957,1499332319348,WAITING,DELIVERY,2017-07-07 22:28:04
595fdcafe4b03df509b99765,592f1443e4b0a4ee112c418a,1499332319348,WAITING,DELIVERY,2017-07-08 02:10:39
596039cde4b0d7f3f9e51477,593fcd11e4b09485024fdf3b,1499332319348,WAITING,DELIVERY,2017-07-08 08:47:57
59605eabe4b0d7f3f9e51677,5945552ee4b0db45c711c290,1499332319348,WAITING,DELIVERY,2017-07-08 11:25:15
5960732de4b03f87dbd9d0a6,595bdb83e4b0cc171ed78c1e,1499332319348,WAITING,DELIVERY,2017-07-08 12:52:45
59609acce4b0d7f3f9e51bd9,5931b250e4b09c162d720bf4,1499332319348,WAITING,DELIVERY,2017-07-08 15:41:48
5960cbb1e4b03df509b9a250,595111d6e4b0db45c713446f,1499332319348,WAITING,DELIVERY,2017-07-08 19:10:25
5960d75ee4b03f87dbd9d6b9,594d63dbe4b0db45c712d2a3,1499332319348,WAITING,DELIVERY,2017-07-08 20:00:14
5960d7b1e4b03f87dbd9d6c5,594d63dbe4b0db45c712d2a3,1499332319348,WAITING,DELIVERY,2017-07-08 20:01:37
5960e51de4b03df509b9a3d1,5960df44e4b0d7f3f9e51fa6,1499332319348,WAITING,DELIVERY,2017-07-08 20:58:53
5961089de4b03df509b9a57b,592e1a1ce4b0a4ee112ba9d5,1499332319348,WAITING,DELIVERY,2017-07-08 23:30:21
59611116e4b0cc171ed7e086,592de8c1e4b09c162d7093af,1499332319348,WAITING,DELIVERY,2017-07-09 00:06:30
596181a4e4b0d7f3f9e52432,593669c0e4b0c2218ce7d7c3,1499332319348,WAITING,DELIVERY,2017-07-09 08:06:44
5961ac5be4b03df509b9aa43,59533bfde4b0db45c713a01a,1499332319348,WAITING,DELIVERY,2017-07-09 11:08:59
5961c515e4b0cc171ed7e7ff,592e3349e4b0a4ee112bc2bd,1499332319348,WAITING,DELIVERY,2017-07-09 12:54:29
595e2d8ce4b03df509b97bdf,592e0048e4b0a4ee112b9913,1499326885068,WAITING,DELIVERY,2017-07-06 19:31:08
595e3786e4b0d7f3f9e4f935,592e1368e4b0a4ee112ba568,1499332319348,WAITING,DELIVERY,2017-07-06 20:13:42
595e3cb0e4b03df509b97e00,592e3df1e4b0a4ee112bc86a,1499332319348,WAITING,USERRECV,2017-07-06 20:35:44
595e45a3e4b03df509b97ed0,592e1374e4b0a4ee112ba57d,1499332319348,WAITING,DELIVERY,2017-07-06 21:13:55
595e54e7e4b03df509b98125,5936bfbbe4b0c2218ce7f593,1499332319348,WAITING,DELIVERY,2017-07-06 22:19:03
595e5547e4b0cc171ed7baad,592fa56ee4b0a4ee112c6349,1498637637799,WAITING,USERRECV,2017-07-06 22:20:39
595ea89de4b03f87dbd9b8a7,5936d4bde4b0c2218ce807c1,1499332319348,WAITING,DELIVERY,2017-07-07 04:16:13
595efbfee4b0cc171ed7c103,59568ee3e4b0d7f3f9e4721a,1499332319348,WAITING,DELIVERY,2017-07-07 10:11:58
595f17ede4b03df509b98a1a,593fec94e4b0db45c710f6e6,1499331131271,WAITING,DELIVERY,2017-07-07 12:11:09
595f18f1e4b03df509b98aab,595a0a79e4b0d7f3f9e4aa55,1499332319348,WAITING,USERRECV,2017-07-07 12:15:29
595f29bbe4b03df509b98d00,59424222e4b0db45c711596c,1499332319348,WAITING,DELIVERY,2017-07-07 13:27:07
595f2b76e4b03df509b98d28,593669c0e4b0c2218ce7d7c3,1499332319348,WAITING,DELIVERY,2017-07-07 13:34:30
595f28eee4b03df509b98cec,5936e7cde4b0c2218ce813b7,1499332319348,WAITING,DELIVERY,2017-07-07 13:23:42
595f5ad3e4b0d7f3f9e50bf4,5936bd16e4b0a0f774fd4d5b,1499332319348,WAITING,USERRECV,2017-07-07 16:56:35
595f6618e4b0cc171ed7cafb,595f62c7e4b03f87dbd9c47f,1499332319348,WAITING,DELIVERY,2017-07-07 17:44:40
595f7a7ae4b0d7f3f9e50e49,592e0832e4b0a4ee112b9ccc,1499331412777,WAITING,DELIVERY,2017-07-07 19:11:38
595f8bf0e4b0cc171ed7cd83,594495f8e4b0db45c711a5c9,1499332319348,WAITING,DELIVERY,2017-07-07 20:26:08
595f8b39e4b0cc171ed7cd72,594495f8e4b0db45c711a5c9,1499332319348,WAITING,DELIVERY,2017-07-07 20:23:05
5961cc8ae4b0d7f3f9e529f6,593b8a5de4b06f7fcb9e20c6,1499332319348,WAITING,DELIVERY,2017-07-09 13:26:18
5961e809e4b03df509b9af56,5945552ee4b0db45c711c290,1499332319348,WAITING,DELIVERY,2017-07-09 15:23:37
5962275be4b0cc171ed7edb6,592e67a3e4b0a4ee112be038,1499332319348,WAITING,DELIVERY,2017-07-09 19:53:47
5962d37fe4b0cc171ed7f446,5936d4bde4b0c2218ce807c1,1499332319348,WAITING,DELIVERY,2017-07-10 08:08:15
59630d16e4b03df509b9bdde,5945552ee4b0db45c711c290,1499332319348,WAITING,DELIVERY,2017-07-10 12:13:58
59636774e4b0cc171ed7fedb,592dc7d9e4b0a4ee112b91c8,1498637637799,WAITING,USERRECV,2017-07-10 18:39:32
596384a0e4b03df509b9c61d,59301025e4b0a4ee112c898f,1499332319348,WAITING,DELIVERY,2017-07-10 20:44:00
59639505e4b03df509b9c7ad,594d63dbe4b0db45c712d2a3,1499332319348,WAITING,DELIVERY,2017-07-10 21:53:57
5963a8d6e4b03df509b9c8cf,59568269e4b0cc171ed72df2,1499332319348,WAITING,DELIVERY,2017-07-10 23:18:30
59645ee6e4b03f87dbda03d3,593d765ae4b06f7fcb9e8be6,1498637637799,WAITING,USERRECV,2017-07-11 12:15:18
59646e33e4b0cc171ed80bb9,592ec4f6e4b0a4ee112c1583,1499332319348,WAITING,DELIVERY,2017-07-11 13:20:35
5964a7f2e4b03f87dbda0aeb,5964a6a2e4b0cc171ed810ae,1499332319348,WAITING,DELIVERY,2017-07-11 17:26:58
5964f2bce4b03f87dbda10a2,592fd71be4b0a4ee112c75f3,1499332319348,WAITING,DELIVERY,2017-07-11 22:46:04
5965a11ae4b03f87dbda15a9,5945552ee4b0db45c711c290,1499332319348,WAITING,DELIVERY,2017-07-12 11:10:02
596607efe4b03f87dbda1cdf,592ea1a1e4b09c162d71004c,1498638173188,WAITING,DELIVERY,2017-07-12 18:28:47
5968d64ee4b0a7427fcb4dfa,5965f3a3e4b03df509b9e7b0,1498637637799,WAITING,USERRECV,2017-07-14 21:33:50
596c5f8ee4b0d4cb4b84e866,5944fa9ce4b0b1300401cb5a,1500259925706,WAITING,DELIVERY,2017-07-17 13:56:14
596c7469e4b0d4cb4b84eafa,59352dd7e4b0a0f774fce4d8,1498637637799,WAITING,USERRECV,2017-07-17 15:25:13
596cc263e4b0d4cb4b84f2ce,592e0048e4b0a4ee112b9913,1500259925706,WAITING,DELIVERY,2017-07-17 20:57:55
596d5234e4b09713a27e1d86,592ea6d0e4b09c162d710330,1498637637799,WAITING,USERRECV,2017-07-18 07:11:32
595f8e72e4b0cc171ed7cdbf,59571e9ae4b0d7f3f9e47735,1498637637799,WAITING,USERRECV,2017-07-07 20:36:50
595f8af6e4b0d7f3f9e50f36,594495f8e4b0db45c711a5c9,1499332319348,WAITING,DELIVERY,2017-07-07 20:21:58
595f9aece4b0d7f3f9e51046,5945552ee4b0db45c711c290,1499332319348,WAITING,DELIVERY,2017-07-07 21:30:04
595fb883e4b03f87dbd9ca1e,593669c0e4b0c2218ce7d7c3,1499332319348,WAITING,DELIVERY,2017-07-07 23:36:19
595fdc91e4b03f87dbd9cb42,592f1443e4b0a4ee112c418a,1499332319348,WAITING,DELIVERY,2017-07-08 02:10:09
595fdc40e4b03f87dbd9cb40,592f1443e4b0a4ee112c418a,1499332319348,WAITING,DELIVERY,2017-07-08 02:08:48
59607407e4b0cc171ed7d746,592e30f5e4b09c162d70bfc7,1499332319348,WAITING,USERRECV,2017-07-08 12:56:23
596099f6e4b03df509b99fc8,5931b250e4b09c162d720bf4,1499332319348,WAITING,DELIVERY,2017-07-08 15:38:14
5960d722e4b0cc171ed7dd6e,594d63dbe4b0db45c712d2a3,1499332319348,WAITING,DELIVERY,2017-07-08 19:59:14
5960d784e4b0d7f3f9e51f1e,594d63dbe4b0db45c712d2a3,1499332319348,WAITING,DELIVERY,2017-07-08 20:00:52
5960d7d3e4b03df509b9a308,594d63dbe4b0db45c712d2a3,1499332319348,WAITING,DELIVERY,2017-07-08 20:02:11
5960e592e4b0d7f3f9e52024,5960df44e4b0d7f3f9e51fa6,1499332319348,WAITING,DELIVERY,2017-07-08 21:00:50
59610cdfe4b03df509b9a5e4,59310a31e4b0a4ee112cd0d6,1499332319348,WAITING,DELIVERY,2017-07-08 23:48:31
596110d0e4b03f87dbd9da70,592de8c1e4b09c162d7093af,1499332319348,WAITING,DELIVERY,2017-07-09 00:05:20
59611fb3e4b0d7f3f9e522aa,592ef14ae4b09c162d712d41,1499332319348,WAITING,DELIVERY,2017-07-09 01:08:51
5961aea2e4b0cc171ed7e4d2,594ddbe7e4b0db45c712da6e,1499332319348,WAITING,DELIVERY,2017-07-09 11:18:42
5961c52ae4b0d7f3f9e5296e,5935735de4b0c2218ce79f91,1499332319348,WAITING,DELIVERY,2017-07-09 12:54:50
5961c6abe4b03f87dbd9e207,595676a0e4b01cb1aa77713a,1499332319348,WAITING,DELIVERY,2017-07-09 13:01:15
59620b8ae4b0d7f3f9e52d26,59573dede4b0e9517d6bb7b5,1499332319348,WAITING,DELIVERY,2017-07-09 17:55:06
5971cbf9e4b0a7427fcbdc68,593d0680e4b024ae2fe5ad7a,1498637637799,WAITING,USERRECV,2017-07-21 16:40:09
5972f3c0e4b0d4cb4b857c98,592e24cbe4b09c162d70b2c6,1498638173188,WAITING,USERRECV,2017-07-22 13:42:08
597431e5e4b0fe8edbc26f65,59567bf1e4b0e9517d6bab01,1498638173188,WAITING,DELIVERY,2017-07-23 12:19:33
59749900e4b0a7427fcc2ddb,5938bc74e4b0c2218ce88e4e,1498638173188,WAITING,DELIVERY,2017-07-23 19:39:28
5974ea62e4b0a7427fcc3704,593ab590e4b06f7fcb9dffac,1498638173188,WAITING,DELIVERY,2017-07-24 01:26:42
5975b177e4b0d4cb4b85bee4,596ec7f5e4b09713a27e33ef,1498638173188,WAITING,DELIVERY,2017-07-24 15:36:07
5975e88be4b0a7427fcc52b1,5931787be4b0a4ee112cfab3,1498638173188,WAITING,DELIVERY,2017-07-24 19:31:07
59767125e4b09713a27ef925,59310a31e4b0a4ee112cd0d6,1498638173188,WAITING,DELIVERY,2017-07-25 05:13:57
59630ceee4b0cc171ed7f86e,5945552ee4b0db45c711c290,1499332319348,WAITING,DELIVERY,2017-07-10 12:13:18
596366d5e4b03f87dbd9f8d2,592dc7d9e4b0a4ee112b91c8,1499332319348,WAITING,DELIVERY,2017-07-10 18:36:53
5963733ae4b0d7f3f9e53f79,595111d3e4b0b130040355fd,1499332319348,WAITING,DELIVERY,2017-07-10 19:29:46
59638532e4b03f87dbd9fa6c,59301025e4b0a4ee112c898f,1499332319348,WAITING,DELIVERY,2017-07-10 20:46:26
5963939ce4b03f87dbd9fba7,5963832ce4b03df509b9c5f3,1499332319348,WAITING,DELIVERY,2017-07-10 21:47:56
5964247fe4b0d7f3f9e54609,592df586e4b0a4ee112b9672,1499332319348,WAITING,DELIVERY,2017-07-11 08:06:07
596451e5e4b03df509b9cd6c,592f6584e4b09c162d714958,1499332319348,WAITING,DELIVERY,2017-07-11 11:19:49
59647667e4b03f87dbda061e,593669c0e4b0c2218ce7d7c3,1499332319348,WAITING,DELIVERY,2017-07-11 13:55:35
596495c7e4b03f87dbda0886,59563d7de4b0d74b13f63367,1499332319348,WAITING,DELIVERY,2017-07-11 16:09:27
5964bbe6e4b0d7f3f9e552e1,59349688e4b0a0f774fcbed7,1499332319348,WAITING,USERRECV,2017-07-11 18:52:06
59650019e4b03df509b9dc75,592e1374e4b0a4ee112ba57d,1499332319348,WAITING,DELIVERY,2017-07-11 23:43:05
59659e65e4b03f87dbda1562,593fcd11e4b09485024fdf3b,1499332319348,WAITING,DELIVERY,2017-07-12 10:58:29
5965a122e4b03f87dbda15ab,5945552ee4b0db45c711c290,1499332319348,WAITING,DELIVERY,2017-07-12 11:10:10
5965be1ee4b0d7f3f9e55ebb,59574f3be4b03f87dbd937c2,1498638173188,WAITING,DELIVERY,2017-07-12 13:13:50
59685279e4b03f87dbda3e6c,592f184ce4b09c162d714021,1498638173188,WAITING,DELIVERY,2017-07-14 12:11:21
5969b644e4b0d4cb4b84cc8c,592f9662e4b09c162d715ac3,1498638173188,WAITING,DELIVERY,2017-07-15 13:29:24
596d5a7be4b0a7427fcb841e,593581ade4b0c2218ce7a5ec,1500259925706,WAITING,DELIVERY,2017-07-18 07:46:51
596eedece4b0fe8edbc1e9fd,596c5ab0e4b0a7427fcb7291,1498637637799,WAITING,USERRECV,2017-07-19 12:28:12
595c770ae4b0cc171ed7937c,592eb0c9e4b09c162d710923,1498837653512,DELIVERED,DELIVERY,2017-07-05 12:20:10
5972eb03e4b09713a27ea207,592e3349e4b0a4ee112bc2bd,1498637637799,WAITING,USERRECV,2017-07-22 13:04:51
59738159e4b0a7427fcc1ae0,594554a3e4b0db45c711c284,1498638173188,WAITING,DELIVERY,2017-07-22 23:46:17
59744478e4b0fe8edbc272be,592de8c1e4b09c162d7093af,1498638173188,WAITING,DELIVERY,2017-07-23 13:38:48
5975b7fde4b0d4cb4b85bfde,592fe58fe4b09c162d717830,1498638173188,WAITING,DELIVERY,2017-07-24 16:03:57
59761337e4b0d4cb4b85cc42,593172a4e4b0a4ee112cf7d3,1498638173188,WAITING,DELIVERY,2017-07-24 22:33:11
5976ddf5e4b0a7427fcc6d52,5972242ee4b0fe8edbc23e79,1498638173188,WAITING,DELIVERY,2017-07-25 12:58:13
